dates|messages|names|pictures|ratings|titles
2019-10-02 19:10:37+00:00|Po roku sme sa opäť vrátili. Je tu nádherne, pokoj a kľud. Je to oáza pokoja, kde sa veľmi radi vraciame s rodinou. Pán Miroslav udržiava toto miesto v oku lahodiacom stave. Ďakujeme a o rok sa opäť vrátime.|Rasťo|apartmany/img/1 de 3 Avatars FLAT/Avatars Set Flat Style-37.png|5|Po roku sme sa opäť vrátili
2019-07-06 19:36:29+00:00|Dovolená u Vás bude jedna z těch, na které budeme vždy rádi vzpomínat a pokud bude přát, rádi se znovu vratime. Útulne, čisté ubytování, krásná udržovaná zahrada, kterou jsme si velmi oblibili a každý podvečer rádi užívali. Fajn místo, odkud je možné projit spoustu vyletu (i bez auta a pomoci hromadne dopravy jsme zvladli navštívit spoustu peknych mist). Děkujeme a přejeme pěkné léto.|Adéla a Ondra|apartmany/img/1 de 3 Avatars FLAT/Avatars Set Flat Style-36.png|5|Dovolená u Vás bude jedna z těch, na které budeme vždy rádi vzpomínat a pokud bude přát, rádi se znovu vratime
2018-08-28 23:19:14+00:00|Dva týdny krásné dovolené. Perfektní ubytování. Vše výborně udržované. Milí a ve všem vstřícní domácí. Ještě jednou děkujeme pane Vyšný.|Jaromír a Hana|apartmany/img/1 de 3 Avatars FLAT/Avatars Set Flat Style-50.png|5|Dva týdny krásné dovolené
2018-08-22 17:57:19+00:00|This year we are writing in English, to encourage people who do not speak Slovak or Polish. The place is just excellent - silent (only the stream keeps murmuring outside your window), green (perfectly kept lawns, flower beds and waterside where you can relax) and perfectly equipped (atmospheric rooms with new, comfortable furniture, TV, radio, free WiFi, cute kitchenette and big, spotlessly clean bathroom - also with a view to the mountains!). The owner, Pan Miroslav, is the nicest host we have ever met. At the beginning of your stay you'll get lots of useful tourist tips from him, maps and discount cards to many places in the area. We always visit in summer, but for those who want to ski, there is a bus transportation to and from ski lifts. We have been lucky to find such a great place for a reasonable price and we keep coming back every year - the area is amazingly rich in mountain walking routes, caves and other places of interest to visit. Come see for yourselves. The highest possible recommendation from us!|Marta i Andrzej|apartmany/img/1 de 3 Avatars FLAT/Avatars Set Flat Style-39.png|5|This year we are writing in English, to encourage people who do not speak Slovak or Polish
2018-02-06 11:58:57+00:00|"Super!
Mieszkania duże, czyste, zadbane.
Miejsce na ognisko, blisko strumyka, niepowtarzalny górski klimat.
W 2018/2019 sauna i chłodzenie w strumyku.
Skibus blisko,autem blisko, idealne na narty i wypoczynek.
Byliśmy kilka razy i na pewno wrócimy.

Pozdro dla Miroslava."|Lucjan LDZ|apartmany/img/1 de 3 Avatars FLAT/Avatars Set Flat Style-47.png|5|Super
2017-09-25 12:33:28+00:00|Minulý týden jsme byli v aparmánech na dovolené,byla to nádherná dovolená.Apartmán byl krásný,čistý,útulný,pan majitel usměvavý,moc milý pán i jeho sestra a manželka.V okolí jsou koliby,kde se dobře najíte,příroda nádherná,i okolí.Apartmány moc doporučuji,není zde nic vytknout.Dáváme číslo 10,to si určiě zaslouží.|Zdenka Kajzarová|apartmany/img/1 de 3 Avatars FLAT/Avatars Set Flat Style-1.png|5|Minulý týden jsme byli v aparmánech na dovolené,byla to nádherná dovolená
2017-09-03 17:17:24+00:00|Veľmi pekne ďakujeme za milé a vrúcne privítanie. Opäť sme sa vrátili s rodinou tam, kde nám bolo a je krásne. Nádherné prostredie a príjemní ľudia. Prostredie ako stvorené na ubytovanie s deťmi. Tešíme sa na opätovné stretnutie u Vás pán Vyšný.|Rasťo|apartmany/img/1 de 3 Avatars FLAT/Avatars Set Flat Style-29.png|5|Veľmi pekne ďakujeme za milé a vrúcne privítanie
2017-08-22 19:42:43+00:00|Miejsce doskonałe! Bardzo wygodne, czyściutkie, świetnie urządzone i wyposażone pokoje, kabina prysznicowa w łazience bardzo przestronna, z przodu domu pięknie utrzymany trawnik, krzewy, drzewa, kwiaty, z tyłu ławeczki nad strumieniem i super niedźwiedź :). Do dyspozycji rowery, grille, karty zniżkowe do wielu knajp, wypożyczalni itp. w okolicy. Właściciel, pan Mirosław, przemiły i pomocny, daje mapki, poleca atrakcje, pomaga w każdej sprawie, ze wszystkim można się do niego zwrócić. My jeździmy w lecie i wspaniale usypia nas co wieczór szum potoku... Byliśmy już dwa razy i na pewno będzie trzeci!|Marta i Andrzej|apartmany/img/1 de 3 Avatars FLAT/Avatars Set Flat Style-17.png|5|Miejsce doskonałe
2017-08-08 21:45:14+00:00|Úžasná dovolená v naprosto perfektním ubytování. Zahrada krásně udržovaná, ráj pro děti i dospělé. 100 % se vrátíme :)|Vendula Foltinová|apartmany/img/1 de 3 Avatars FLAT/Avatars Set Flat Style-16.png|5|Úžasná dovolená v naprosto perfektním ubytování
2017-07-28 20:47:33+00:00|Nejkrásnější ubytování v jakém jsme kdy byli.Čisté, vybavené - včetně mýdla ,jaru, ručníků......toal.papír stále doplněný :-) Nádherná upravená zahrada, několik posezení s grily a vším potřebným včetně dřeva. Poblíž možnost zakoupení čerstvých pstruhů. Sympatický a ochotný pan domácí. Tleskám a děkuji, určitě se k Vám vrátíme :-)|Daniela Malá|apartmany/img/1 de 3 Avatars FLAT/Avatars Set Flat Style-22.png|5|Nejkrásnější ubytování v jakém jsme kdy byli
2017-07-20 13:43:57+00:00|"V sobotu jsme se vrátili z týdenní dovolené v Demänovské dolině.
Krásné ubytování a velice ochotný a sympatický majitel - doporučil nám místa v okolí, která bychom mohli navštívit. Po túrách jsme si užívali relax v posezeních u říčky, pro nás naprosto úžasné. Navíc u každého posezení je gril, na kterém si můžete připravit oběd, večeři a dřevo je od majitele zdarma, stejně tak jako zapůjčení kol. Co více si přát? Už teď víme, že letošní návštěva nebyla určitě poslední."|Zbořilovi|apartmany/img/1 de 3 Avatars FLAT/Avatars Set Flat Style-35.png|5|V sobotu jsme se vrátili z týdenní dovolené v Demänovské dolině
2017-02-12 22:47:43+00:00|Miejsce godne polecenia. Pokoje czyste, bardzo dobrze wyposażone.Gospodarz bardzo miły i pomocny. Idealna kwatera na narty. Skibus pod domem, bezpłatny parking, darmowe WI-FI z dobrym zasięgiem, nowa dobra narciarnia. Byliśmy już 3 raz i za każdym razem jesteśmy zadowoleni.Pozdrowienia dla Miroslava|Marcin Styzinski|apartmany/img/1 de 3 Avatars FLAT/Avatars Set Flat Style-44.png|5|Miejsce godne polecenia
2016-12-14 12:12:45+00:00|Byli jsme zde v létě na 14 dní.Byla to úžasná dovolená nejen díky horám,ale i díky krásnému ubytování a službám,hlavně možnost grilování byla super.Přístup pana majitele a jeho syna byl velmi příjemný.Děkujeme a doufáme,že se sem vrátíme. :-)|Daniela Honcová|apartmany/img/1 de 3 Avatars FLAT/Avatars Set Flat Style-4.png|5|Byli jsme zde v létě na 14 dní
2016-09-25 19:33:22+00:00|Krásné místo, příjemní lidé, není co vytknout. Děkujeme moc za příjemně strávený prodloužený víkend.|Niklovi|apartmany/img/1 de 3 Avatars FLAT/Avatars Set Flat Style-39.png|5|Krásné místo, příjemní lidé, není co vytknout
2016-08-12 15:43:37+00:00|Velmi pekne a ciste ubytovanie. Je vidiet aj v detailoch, ze o cistotu interieru sa staraju precizne zenske ruky a o upravenost exterieru pracovite ruky domaceho gazdu p. Miroslava. Velmi sa nam pacilo. Dakujeme.|Jozef Kolistanik s rodinou|apartmany/img/1 de 3 Avatars FLAT/Avatars Set Flat Style-14.png|5|Velmi pekne a ciste ubytovanie
2016-07-30 15:35:20+00:00|Byli jsme nadmíru spokojení všechny tři rodiny. Nádherné ubytování, posezení u šumícího potoka, velký výběh pro děti. Nechybělo nám nic. Všem doporučujeme.|Cieślarovi|apartmany/img/1 de 3 Avatars FLAT/Avatars Set Flat Style-34.png|5|Byli jsme nadmíru spokojení všechny tři rodiny
2016-07-02 12:22:24+00:00|Perfektné ubytovanie, okolie krása, i keď sme tam strávili iba víkend aj tak vrelo odporúčam. Klobúk dolu pred gazdom :)|Otto|apartmany/img/1 de 3 Avatars FLAT/Avatars Set Flat Style-40.png|5|Perfektné ubytovanie, okolie krása, i keď sme tam strávili iba víkend aj tak vrelo odporúčam
2016-06-29 23:32:54+00:00|Prostě luxus pod Chopokem...jinak se to nedá nazvat. Přesně jak už tady bylo zmíněno od jiných návštěvníků. Nádherné ubytování na krásném místě musím opravdu všem doporučit.|Roman|apartmany/img/1 de 3 Avatars FLAT/Avatars Set Flat Style-15.png|5|Prostě luxus pod Chopokem
2016-04-04 15:33:22+00:00|Strávili sme v apartmánoch u p. Vyšného veľkonočné sviatky a bolo to ozaj veľmi príjemné. Apartmány si svoje vysoké hodnotenie právom zaslúžia, príkladná čistota, účelný a pekný interiér, krásne udržiavaný exteriér, dobrá dostupnosť lyžiarskeho strediska. Počasie nám vyšlo absolútne super, takže aj lyžovačka na Chopku bola vynikajúca. V spojení s ubytovaním jednoducho nádherne prežité sviatky. Radi sa sem opäť niekedy vrátime. Vrelo odporúčame.|Štefan, Zuzana, Matej|apartmany/img/1 de 3 Avatars FLAT/Avatars Set Flat Style-15.png|5|Strávili sme v apartmánoch u p
2015-10-12 19:15:40+00:00|Nadherna dovolenka v prekrasnom prostredi. Maximalna spokojnost z nasej strany. Uz sa tesime ako si to o rok zopakujeme.|adriana k|apartmany/img/1 de 3 Avatars FLAT/Avatars Set Flat Style-19.png|5|Nadherna dovolenka v prekrasnom prostredi
2015-10-08 23:45:21+00:00|Všetkým odporúčam toto ubytovanie,naozaj vybavenie super,všetko čistučké, veľmi príjemní a ochotní majitelia,prostredie niečo prekrásne...určite sa radi vrátime...:-D|Vladimíra|apartmany/img/1 de 3 Avatars FLAT/Avatars Set Flat Style-46.png|5|Všetkým odporúčam toto ubytovanie,naozaj vybavenie super,všetko čistučké, veľmi príjemní a ochotní majitelia,prostredie niečo prekrásne
2015-09-03 10:24:48+00:00|"Prostě luxus pod Chopokem...jinak se to nazvat nedá. Hned při prvním vstupu do zadní části zahrady jsem věděla,že to bude ta nejhezčí dovolená. Vše naprosto dokonalé,počínaje ubytováním, zahradou i příjemným přístupem pana Vyšného a jeho sestry. Strávili jsme zde 4 noci se skoro ročním dítětem a vše bylo naprosto super! Zapůjčení jídelní židličky a postýlky zadarmo,tak jako kolo pro manžela :-)) Samozřejmě jsme využily posezení s grilováním, pískoviště,houpačky...ale jako bonus byla říčka Demanovka,která k tomu všemu dodala třešničku na dortu.

Velmi děkujeme a určitě se ještě vrátíme"|Gajdošíkovi|apartmany/img/1 de 3 Avatars FLAT/Avatars Set Flat Style-29.png|5|Prostě luxus pod Chopokem
2015-08-23 16:18:14+00:00|I my bychom se rádi připojili ke všem pěkným hodnocením.  Strávili jsme v Apartmánech u pana Miroslava překrásný týden.  Ubytování je velmi vkusné, čisťounké, se spoustou úložných prostorů, s prakticky zařízenou kuchyňkou. Třešničkou na dortu je však překrásné  a do detailu promyšlené a udržované okolí penzionu s několika posezeními, ohništi,  grily, trampolinou, domeckem, pískovištěm pro menší děti.K tomu všemu srdečný přístup pana Miroslava i jeho sestry. Přestože několik dnů pršelo,  bylo nám báječně, i díky tipům na spoustu výletů.  Doporučujeme.|hodžikovi|apartmany/img/1 de 3 Avatars FLAT/Avatars Set Flat Style-6.png|5|I my bychom se rádi připojili ke všem pěkným hodnocením
2015-08-23 20:22:33+00:00|V sobotu jsme se vrátili z dovolenky, velká spokojenost, krásné prostředí, čistota, nádherné ubytování, super přístup majitelů, moc chceme poděkovat paní Výšné, že pro nás přijela do nemocnice, velký dík. Určitě se ještě k Vám do Tater vrátíme.|Michaela|apartmany/img/1 de 3 Avatars FLAT/Avatars Set Flat Style-21.png|5|V sobotu jsme se vrátili z dovolenky, velká spokojenost, krásné prostředí, čistota, nádherné ubytování, super přístup majitelů, moc chceme poděkovat paní Výšné, že pro nás přijela do nemocnice, velký dík
2015-07-29 14:57:25+00:00|"Ubytování krásné, čisté, udržované, zahrada nádherná.

Byli jsme moc spokojeni, doporučuji všem vyzkoušet."|Petra|apartmany/img/1 de 3 Avatars FLAT/Avatars Set Flat Style-45.png|5|Ubytování krásné, čisté, udržované, zahrada nádherná
2015-07-26 16:53:40+00:00|Nádherné ubytování v čistém a udržovaném apartmánu, úžasná relaxační zahrada s mnoha posezeními, kde si každý najde svoje místečko k odpočinku, ale i přátelský přístup majitele pana Miroslava to je ideální dovolená v krásné přírodě Nízkých Tater.|Jarda, Monika, Nikola a Kristýna od Jihlavy|apartmany/img/1 de 3 Avatars FLAT/Avatars Set Flat Style-49.png|5|Nádherné ubytování v čistém a udržovaném apartmánu, úžasná relaxační zahrada s mnoha posezeními, kde si každý najde svoje místečko k odpočinku, ale i přátelský přístup majitele pana Miroslava to je ideální dovolená v krásné přírodě Nízkých Tater
2015-07-25 22:40:57+00:00|Naprosto úžasné ubytování v příjemném prostředí.Usínání za šumění Demanovky,skvěle udržované vybavení.Prostě paráda.|Teclovi|apartmany/img/1 de 3 Avatars FLAT/Avatars Set Flat Style-33.png|5|Naprosto úžasné ubytování v příjemném prostředí
2015-07-16 20:19:44+00:00|Skvělé ubytování v klidném a příjemném prostředí, vhodné k odpočinku s rodinou i mnoha výletům. Vřele doporučuji.|Michal K|apartmany/img/1 de 3 Avatars FLAT/Avatars Set Flat Style-42.png|5|Skvělé ubytování v klidném a příjemném prostředí, vhodné k odpočinku s rodinou i mnoha výletům
2015-06-21 15:31:27+00:00|"Rewelacyjne miejsce. Idealnie umiejscowione zarówno na wypad w góry jak i wypad do miasta po zakupy. Wszędzie w miarę blisko a jednocześnie spokojnie i za pan brat z naturą( codziennie grillujesz a cudny potok masz za plecami).

Byliśmy tu przez tydzień(15.06.-21.06.15) Jest to miejsce na wypoczynek zarówno z dziećmi jak i z przyjaciółmi. Spokój,cisza, Obsługa prawie nie widoczna. Pełna swoboda, a co najważniejsze idealnie czysto i schludnie-nie tylko w pokojach ale również na podwórku.Jest tu po prostu pięknie.

Polecamy każdemu, wszystko jest w jak najlepszym porządku.

Pozdrawiamy Pana Mirka i jego siostrę-dziękujemy za wszystko!!!"| Monika, Beniamin  i Wołek|apartmany/img/1 de 3 Avatars FLAT/Avatars Set Flat Style-13.png|5|Rewelacyjne miejsce
2015-06-07 23:59:31+00:00|Úžasný prístup p. Vyšného. Nadštandartne udržiavaný interiér i exteriér. Naozaj úžasné ubytovanie ☺ Môžeme iba ODPORUČIŤ.|Voráčkovci|apartmany/img/1 de 3 Avatars FLAT/Avatars Set Flat Style-16.png|5|Úžasný prístup p
2015-03-05 10:38:56+00:00|"SUPER MIEJSCE!!! Pod każdym względem oferta godna polecenia! Standard oferowanych pokoi - extra. Obsługa - extra. Bardzo mili właściciele. Okolica i lokalizacja pozwala na relax w 100%. To nasz 2 wypad zimowy, ale już planujemy letnią wizytę.

P.S.

Tej zimy Pan Miroslav GRATIS dodawał idealne warunki narciarskie ;)

Panie Mirku - do zobaczenia!"|Marcin i Przyjaciele|apartmany/img/1 de 3 Avatars FLAT/Avatars Set Flat Style-7.png|5|SUPER MIEJSCE
2015-02-17 20:28:53+00:00|Polecamy zdecydowanie!! Pozdrawiamy Pana Miroslava|Aleksander G|apartmany/img/1 de 3 Avatars FLAT/Avatars Set Flat Style-4.png|5|Polecamy zdecydowanie
2015-02-07 19:58:21+00:00|Spędziliśmy u pana Miroslava tydzień w czasie ferii zimowych. Apartament bardzo wygodny, obszerny, znalazło sie miejsce w szafie i komodzie na wszystkie nasze rzeczy. Kuchnia w pełni wyposazona w osobnym pomieszczeniu. Duza, ze stołem, swobodnie mozna zjeść posiłki. Sypialnia przestronna, łożka wygodne, wszystko elegancko urządzone, czysto i schludnie. Pokoje były codziennie sprzątane. Gospodarze niezwykle mili i uprzejmi. Polecamy. Satysfakcja gwarantowana!|Iwona i Tomasz Milerowie|apartmany/img/1 de 3 Avatars FLAT/Avatars Set Flat Style-31.png|5|Spędziliśmy u pana Miroslava tydzień w czasie ferii zimowych
2014-11-12 12:17:11+00:00|Super miejsce, godne polecenia. Apartamenty przestronne, czyściutkie w pełni wyposażone. Miejsce idealne na wspaniały wypoczynek, wśród gór z potokiem obok, pełen relaks :) Jesteśmy stałymi bywalcami od wielu lat i zawsze wracamy. Serdeczne pozdrowienia dla Miroslava:)|Robert|apartmany/img/1 de 3 Avatars FLAT/Avatars Set Flat Style-11.png|5|Super miejsce, godne polecenia
2014-11-02 22:26:39+00:00|"Sú miesta, kde sa chcete vrátiť - okamžite. K pánovi Miroslavovi a jeho apartmánov sa vrátime celkom určite. So všetkým sme boli viac ako spokojní.

Lebo - to srdiečko tam vidieť a cítiť. ĎAKUJEME."|Herbrychovci|apartmany/img/1 de 3 Avatars FLAT/Avatars Set Flat Style-7.png|5|Sú miesta, kde sa chcete vrátiť - okamžite
2014-10-20 13:55:49+00:00|Prostorný a pěkně vybavený apartmán, krásná příroda, příjemný a vstřícný majitel (když jsme z rodinných důvodu dorazili o den později, dostali jsem na první den slevu). Jen tak dál :).|Salikovi|apartmany/img/1 de 3 Avatars FLAT/Avatars Set Flat Style-43.png|5|Prostorný a pěkně vybavený apartmán, krásná příroda, příjemný a vstřícný majitel (když jsme z rodinných důvodu dorazili o den později, dostali jsem na první den slevu)
2014-09-29 11:42:45+00:00|"Nadzwyczaj przyjemne miejsce. Jest lepiej niż w ofercie. Polecamy! Jesteśmy bardzo zadowoleni z pobytu 23.08-30.08.2014.

Pozdrawiamy!"|Marta|apartmany/img/1 de 3 Avatars FLAT/Avatars Set Flat Style-16.png|5|Nadzwyczaj przyjemne miejsce
2014-09-21 16:51:15+00:00|Mozeme sa len pridat k ostatnym chvalam... Napriek tomu, ze nam skoro celu dobu pobytu prsalo, mali sme sa vyborne aj vdaka krasnemu ubytovaniu a velmi milemu pristupu p. Miroslava a jeho rodiny. Krasne prostredie, vyborne vybavenie, myslene aj na deti. Mozeme len odporucit aj ostatnym. Urcite sa velmi radi vratime :)|Jana a Martin s rodinou|apartmany/img/1 de 3 Avatars FLAT/Avatars Set Flat Style-17.png|5|Mozeme sa len pridat k ostatnym chvalam
2014-09-17 14:27:11+00:00|"Přesto že nám celý náš pobyt propršelo, musím pouze pět chválu na vše, přístup p. Miroslava, ubytování moc moc krásné, příroda nádhera. Byli jsem nadmíru spokojeni a určitě využijeme možnosti opětovného ubytovnání s doporučením všem známým k návštěvě.

Moc a moc děkujeme za všechno p. Miroslavovi i jeho sestře."|Jarmila|apartmany/img/1 de 3 Avatars FLAT/Avatars Set Flat Style-2.png|5|Přesto že nám celý náš pobyt propršelo, musím pouze pět chválu na vše, přístup p
2014-09-03 15:28:10+00:00|"Nezbývá než se připojit k ostatním hodnocením. Vše bylo super. Občas jsme zmokli, tak bylo příjemné, že pan Miroslav přitápěl, tak bylo teploučko a vše do dalšího dne uschlo.

Doporučujeme!"|Jana|apartmany/img/1 de 3 Avatars FLAT/Avatars Set Flat Style-22.png|5|Nezbývá než se připojit k ostatním hodnocením
2014-09-01 21:21:58+00:00|Ďakujeme za perfektné ubytovanie, super prístup p. Miroslava. Hneď za chatou tečie potôčik čo sa nám veľmi páčilo, perfektné pre rodiny s deťmi. Izby krásne, čisté. Určite sa sem ešte vrátime :-)|Nikoleta|apartmany/img/1 de 3 Avatars FLAT/Avatars Set Flat Style-31.png|5|Ďakujeme za perfektné ubytovanie, super prístup p
2014-08-30 17:30:35+00:00|Ďakujeme celej rodine pána Vyšného za profesionálny prístup. Ubytovanie aj vybavenie apartmánov sú veľmi vkusné a príjemné. Majiteľ myslel na všetko. Miesta na grilovanie sú krásne, udržiavané a čisté. Boli sme všetci veľmi spokojní. Krásna príroda, nádherné prostredie a profesionálny prístup je zárukou nádhernej dovolenky v tomto krásnom kraji.|rodina Očenášová|apartmany/img/1 de 3 Avatars FLAT/Avatars Set Flat Style-6.png|5|Ďakujeme celej rodine pána Vyšného za profesionálny prístup
2014-08-25 18:30:18+00:00|Po týdenním pobytu v červenci jsme se rozhodli vrátit se do tohoto pěkného prostředí i v srpnu. Krásné, čisté a vkusně řešené ubytování s dokonale navrženou zahradou pro děti i dospělé včetně možnosti grilování, nám spolu s krásnou přírodou Liptova dalo zapomenout na každodenní starosti. Příroda nás navíc obdarovala i snůžkou hub, takže jsme si opravdu přišli na své. Děkujeme panu Vyšnému za veškerou péči a už se těšíme na příští léto - určitě se vrátíme!|Rodina Novákova|apartmany/img/1 de 3 Avatars FLAT/Avatars Set Flat Style-3.png|5|Po týdenním pobytu v červenci jsme se rozhodli vrátit se do tohoto pěkného prostředí i v srpnu
2014-08-24 20:31:36+00:00|"Maximální spokojenost - majitel super přístup, ubytování nemělo chybu a úžasné prostředí.

Můžu jen doporučit a určitě se vrátíme."|Fujerovi|apartmany/img/1 de 3 Avatars FLAT/Avatars Set Flat Style-1.png|5|Maximální spokojenost - majitel super přístup, ubytování nemělo chybu a úžasné prostředí
2014-08-23 10:14:57+00:00|Super ubytování, super dovča, čistota, super výlety, super majitel. Velká spokojenost. Určitě se vrátíme.|Eimutovi|apartmany/img/1 de 3 Avatars FLAT/Avatars Set Flat Style-36.png|5|Super ubytování, super dovča, čistota, super výlety, super majitel
2014-08-11 20:13:22+00:00|Super dovolená! Ubytování perfektní. Spousta zajímavostí a možností v okolí. Výborně vedené a udržované studia. Velká spokojenost! Doporucujeme.|skrdlant martin|apartmany/img/1 de 3 Avatars FLAT/Avatars Set Flat Style-48.png|5|Super dovolená
2014-08-05 10:41:13+00:00|"Wir, eine Familie mit 4 Personen von 20 bis 73 Jahren sind vom Hauseigentümer herzlich empfangen worden. Dieses Haus bietet wirklich alle erdenkliche Einrichtungen, die einen Aufenthalt darin angenehm machen. Das Rauschen des Baches Demänovka ließ uns nach den Tagesausflügen in der Nacht leicht in den Schlaf fallen. Die Besuchsziele und die Wanderungsmöglichkeiten sind so vielfältig, das bei einem längeren Aufenthalt niemals Langeweile aufkommen kann. Bei jedem Wetter und entsprechender Bekleidung sind die Ziele unerschöpflich, so das ein erneuter Besuch von unserer Familie bald wieder geplant wird. Besucher aus dem Norden Deutschlands werden begeistert über die Menschen und die Landschaft der Niederen und Hohen Tatra sein, die für Jung und Alt so viele Erholungsmöglichkeiten in der Slowakei bietet. 

Pekne d`akujem

Dovidenia Miroslav z rodina"|Theresa,Anja,Heidi, Jürgen|apartmany/img/1 de 3 Avatars FLAT/Avatars Set Flat Style-30.png|5|Wir, eine Familie mit 4 Personen von 20 bis 73 Jahren sind vom Hauseigentümer herzlich empfangen worden
2014-08-03 11:11:25+00:00|Ciste, prijemne ubytovani, dobra vychozi pozice na vylety. Pan majitel dal super tipy na vylety. Doporucuji!|Mrazkovi|apartmany/img/1 de 3 Avatars FLAT/Avatars Set Flat Style-15.png|1|Ciste, prijemne ubytovani, dobra vychozi pozice na vylety
2014-07-11 11:41:34+00:00|Byli jsme velmi spokojeni a všem můžeme doporučit.|Zvědělíkovi|apartmany/img/1 de 3 Avatars FLAT/Avatars Set Flat Style-29.png|5|Byli jsme velmi spokojeni a všem můžeme doporučit
2014-06-20 15:21:39+00:00|"Super miejsce. Ski bus pod domem, duże przestronne apartamenty, zgodnie z opisem.

Na pewno wrócimy!"|Grupa z Polski|apartmany/img/1 de 3 Avatars FLAT/Avatars Set Flat Style-16.png|5|Super miejsce
2014-04-22 18:27:59+00:00|Strávili sme tu veľmi príjemnú Veľkú noc. Krásne štúdia, všade čisto a útulne, nádherné prostredie, skvelé aj pre detičky.Určite sa ešte vrátime.|Anna, Adrián a Matejko|apartmany/img/1 de 3 Avatars FLAT/Avatars Set Flat Style-37.png|5|Strávili sme tu veľmi príjemnú Veľkú noc
2014-04-20 20:30:32+00:00|"Perfektne ubytovanie pre rodiny s detmi v nadhernom prostredi.Izby priestranne, ciste, kuchynka dobre vybavena. Urcite odporucam.

Rodina Oravcova"|Silvia|apartmany/img/1 de 3 Avatars FLAT/Avatars Set Flat Style-42.png|5|Perfektne ubytovanie pre rodiny s detmi v nadhernom prostredi
2014-04-14 14:55:28+00:00|Zarówno gospodarze, jak i apartamenty na bardzo wysokim poziomie. Zdjęcia nie pokazują wszystkiego. Bardzo urokliwie położony. Wyposażenie oraz urządzenie apartamentów także na piątkę z plusem :). Czysto i schludnie. Nie pozostaje nic innego jak z całą odpowiedzialnością polecić to miejsce wszystkim turystom.|Paweł i Ania|apartmany/img/1 de 3 Avatars FLAT/Avatars Set Flat Style-14.png|5|Zarówno gospodarze, jak i apartamenty na bardzo wysokim poziomie
2014-03-25 21:44:23+00:00|Všetky hodnotenia návštevníkov sú pravdivé, jednoducho perfektné ubytovanie, neváhajte ani chvíľu a určite nehľadajte ďalej žiadny pobyt. Budete spokojní ako my. Ideme si hneď rezervovať ubytovanie na budúci rok.|Ružena Adamovičová|apartmany/img/1 de 3 Avatars FLAT/Avatars Set Flat Style-43.png|5|Všetky hodnotenia návštevníkov sú pravdivé, jednoducho perfektné ubytovanie, neváhajte ani chvíľu a určite nehľadajte ďalej žiadny pobyt
2014-03-15 16:56:50+00:00|Very nice accommodation with a beautiful garden and friendly people. Thank you for this pleasant stay!|Kim & Gabriel|apartmany/img/1 de 3 Avatars FLAT/Avatars Set Flat Style-12.png|5|Very nice accommodation with a beautiful garden and friendly people
2014-03-10 22:34:46+00:00|Tip-top!|Maciej|apartmany/img/1 de 3 Avatars FLAT/Avatars Set Flat Style-36.png|5|Tip-top
2014-02-24 12:56:44+00:00|"Pensjonat i apartamenty na bardzo wysokim poziomie (na żywo ładniejsze niż na fotografiach). Właściciele są mili i uprzejmi. 

Skibus zabiera gości tuż spod pensjonatu. Wszystko rewelacyjne.

Pension and apartments are beautiful (better than in the photos). The owners are kind, nice and polite. 

Ski bus takes guests at the pension."|Adam|apartmany/img/1 de 3 Avatars FLAT/Avatars Set Flat Style-25.png|5|Pensjonat i apartamenty na bardzo wysokim poziomie (na żywo ładniejsze niż na fotografiach)
2014-02-13 12:15:27+00:00|"Pensjonat pięknie umiejscowiony.

Apartamenty czyściutkie w pełni wyposażone. Wszystko zgodne z opisem. Właściciele bardzo uprzejmi, zawsze chętni do pomocy. Pozdrowienia"|JulitaNiedzielska|apartmany/img/1 de 3 Avatars FLAT/Avatars Set Flat Style-47.png|5|Pensjonat pięknie umiejscowiony
2014-02-12 22:28:30+00:00|Pięknie i na nasze możliwości emerytów. Wszędzie blisko. I tem szumiący potoczek cudo. A Pan Mirosław przesympatyczny. W tym roku też przyjedziemy.|Tkaczuk Ela i Zbyszek|apartmany/img/1 de 3 Avatars FLAT/Avatars Set Flat Style-43.png|5|Pięknie i na nasze możliwości emerytów
2014-02-09 16:22:17+00:00|Pensjonat super, wszystko zgodnie z opisem, przytulne, czyste pokoje, dające poczuście komfortu. No i miejsce wypadowe na narty... chwilka i na stoku! Pozdrowienia dla Pana Miroslava! Wrócimy napewno!!!|Marcin Sądel|apartmany/img/1 de 3 Avatars FLAT/Avatars Set Flat Style-46.png|4|Pensjonat super, wszystko zgodnie z opisem, przytulne, czyste pokoje, dające poczuście komfortu
2014-01-27 17:13:49+00:00|"Super.Wszystko zgodnie z opisem. Czysto, wygodnie, przyjemnie. Blisko na narty.

Bardzo miły gospodarz p. Miroslav. Gorąco polecam. Wrócimy na pewno :)"|Hanna|apartmany/img/1 de 3 Avatars FLAT/Avatars Set Flat Style-9.png|5|Super
2014-01-01 21:10:55+00:00|Super obiekt, wyposażony we wszystkie niezbędne przedmioty.Rewelacyjne położenie nad górskim potokiem. Bardzo czysto. Gorąco polecam.|Robert Poplawski|apartmany/img/1 de 3 Avatars FLAT/Avatars Set Flat Style-47.png|5|Super obiekt, wyposażony we wszystkie niezbędne przedmioty
2013-10-24 23:19:33+00:00|"V lete sme s rodinou stravili tyzden v apartmanoch Miroslav. Boli sme plni ocakavania, pretoze ubytovanie sme vybavovali na dialku z Australie. Vyborne spravena stranka ako aj ustretovost pana majitela pri komunikacii vsak cely proces velmi ulahcili. 

Samotne ubytovanie plne naplnilo az predcilo nase ocakavania. Velmi ciste so zmyslom pre detaily. Nadherne a dosledne udrziavane bezprostredne okolie, blizkost potoka s moznostou opekania ako aj pripravene drevo dotvarali pocit idylky. Ak sa raz vratime na dovolenku na Liptov, toto bude nasa jednoznacne prva volba. Dakujeme a prajeme vsetko dobre!"|Igor|apartmany/img/1 de 3 Avatars FLAT/Avatars Set Flat Style-8.png|5|V lete sme s rodinou stravili tyzden v apartmanoch Miroslav
2013-10-06 12:44:55+00:00|Veľmi pekne ďakujem. Príjemní ľudia, skvelé ubytovanie, krásne prostredie. Už sa veľmi tešíme na návrat. Vrele odporúúúúúúčame. Ďakujem pán Miroslav. Všetko dobré, želá rodina Petrovská|Rasťo|apartmany/img/1 de 3 Avatars FLAT/Avatars Set Flat Style-32.png|5|Veľmi pekne ďakujem
2013-09-12 18:16:21+00:00|S rodinou sme strávili letnú dovolenku v apartmánoch u pána Miroslava. Všetci sme boli veľmi spokojní. Vkusne zariadené izby, čistota, perfektne urobená krásna záhradka, srdečný prístup majiteľa, to všetko sme mali možnosť zažiť. Ak to bude možné, určite sa tam budeme chcieť vrátiť, pretože týždeň nestačí na vychutnanie si všetkých tých príjemných vymožeností, ktoré som popísala :) Ďakujeme pán Miroslav za Váš prístup k nám, prajeme všetko dobré.|Janette Sviatková|apartmany/img/1 de 3 Avatars FLAT/Avatars Set Flat Style-50.png|5|S rodinou sme strávili letnú dovolenku v apartmánoch u pána Miroslava
2013-09-07 14:54:35+00:00|Všem můžeme doporučit. Krásné a čisté ubytování, po příjezdu jsme byli mile přivítáni a bylo nám doporučené kam se jet podívat na krásné výlety. Byli jsme velmi spokojeni. Dostala nás ta krajina za apartmánem.. tam je to krásné, ostatně jako v celém areálu. děkujeme za krásnou dovolenou|Monika Rausová|apartmany/img/1 de 3 Avatars FLAT/Avatars Set Flat Style-21.png|5|Všem můžeme doporučit
2013-08-31 13:54:50+00:00|"Bardzo jesteśmy zadowoleni z pobytu - VIII.2013. Komfortowe  miejsce dla całej rodziny.Bardzo czysty apartament, w którym nic nie brakuje. Wieczory przy grillu nad strumykiem !!!-rewelacja. 

Gospodarze wyjątkowo mili i uczynni, nastawieni na wygodę gości. Duży plac do zabaw popołudniowych dla calej rodziny-badminton, inne gry.

Na pewno jeszcze tu wrócimy, byliśmy 2-gi raz."|Brygida Jacek Michał i Piotr|apartmany/img/1 de 3 Avatars FLAT/Avatars Set Flat Style-39.png|5|Bardzo jesteśmy zadowoleni z pobytu - VIII
2013-08-27 23:20:35+00:00|Bardzo udany pobyt u P. Mirosława od 17.07 do 24.08. Studio wygodne, dobrze wyposażony aneks kuchenny, czysto. Teren obiektu wspaniale przystosowany do wypoczynku: miejsca na ogniska, grill,  zadaszone stoły. I bardzo  sympatyczni gospodarze. Polecamy.Pozdrowienia|Monika Arek Kamila Michał|apartmany/img/1 de 3 Avatars FLAT/Avatars Set Flat Style-27.png|5|Bardzo udany pobyt u P
2013-08-25 22:34:51+00:00|Včera jsme se vrátili z nádherné dovolené. Ubytování je naprosto perfektní, přístup pana Vyšného taktéž. Krásně udržované apartmány i okolí, spousta tipů na výlety, které jsme hojně využili, ale týden je krátká doba, takže se ještě určitě vrátíme. Děkujeme mnohokrát za příjemně strávenou dovolenou. Bylo to SUPER!!!!|Monika, Michael, Tomáš a Kateřina|apartmany/img/1 de 3 Avatars FLAT/Avatars Set Flat Style-40.png|5|Včera jsme se vrátili z nádherné dovolené
2013-08-23 17:47:37+00:00|"Wlaśnie wróciliśmy kolejny raz już trzeci z wakacji u Miroslava 3-10 08 dwa razy zimą a w tym roku pierwszy raz latem i jak zawsze było miło i bardzo przyjemnie. Atmosfera jak w domu, posesja,obejście, apartamenty - PRIMA SORT - jedno z ładniejszych mejsc na Słowacji a Miroslav i jego siostra przemili i bardzo serdeczni. Na pewno wrócimy bo jest miło spędzać czas w miłej atmosferze wśród wspaniałych gospodarzy.

Pozdrowienia z Radzionkowa i polecam wszystkim."|Michał Ewa i Marcin z Radzionkowa|apartmany/img/1 de 3 Avatars FLAT/Avatars Set Flat Style-36.png|5|Wlaśnie wróciliśmy kolejny raz już trzeci z wakacji u Miroslava 3-10 08 dwa razy zimą a w tym roku pierwszy raz latem i jak zawsze było miło i bardzo przyjemnie
2013-08-23 14:26:29+00:00|Wszystko jak na zdjęciach. Piękne miejsce, mili gospodarze i urok wieczorów spędzanych przy ognisku. Pozdrawiamy i polecamy innym.|Marzena Brodowicz|apartmany/img/1 de 3 Avatars FLAT/Avatars Set Flat Style-33.png|5|Wszystko jak na zdjęciach
2013-08-20 18:24:22+00:00|Pozdrawiamy i dziękujemy Panu Miroslawowi za wspaniałe wakacje. Malownicze miejsce i atmosfera którą roztacza Gospodarz to klucz do niezapomnianych wakacji.|Robert, Natalia, Wera i Igor|apartmany/img/1 de 3 Avatars FLAT/Avatars Set Flat Style-32.png|5|Pozdrawiamy i dziękujemy Panu Miroslawowi za wspaniałe wakacje
2013-08-19 21:39:33+00:00|Dziękujemy za niezapomniany wypoczynek u Pana Mirosława. Przestronne,czyste,wygodne studio,równo przycięta super zielona trawa, miły gospodarz służący pomocą oraz a może przede wszystkim przepiękne góry zostaną na długo w naszej pamięci.|Ewa i Andrzej Fischbach|apartmany/img/1 de 3 Avatars FLAT/Avatars Set Flat Style-35.png|5|Dziękujemy za niezapomniany wypoczynek u Pana Mirosława
2013-08-18 14:49:12+00:00|Děkujeme panu Vyšnému za skvělé ubytování, které přispělo k příjemně strávené dovolené. Inzerované služby i foto na webových stránkách odpovídají skutečnosti. Byli jsme mile překvapeni přístupem pana Vyšného, za což ještě jednou vřelé díky.|Tomáš, Mirka, Terezka a Matouš|apartmany/img/1 de 3 Avatars FLAT/Avatars Set Flat Style-26.png|5|Děkujeme panu Vyšnému za skvělé ubytování, které přispělo k příjemně strávené dovolené
2013-08-16 16:15:56+00:00|Jesteśmy bardzo zadowoleni z pobytu u Pana Mirosława. Wygodne i przestronne studio, czystość, pięknie utrzymana posesja, pomocny i uprzejmy gospodarz oraz wspaniałe góry gwarantują niezapomniany wypoczynek.|Wioletta i Jacek|apartmany/img/1 de 3 Avatars FLAT/Avatars Set Flat Style-10.png|5|Jesteśmy bardzo zadowoleni z pobytu u Pana Mirosława
2013-08-15 20:12:45+00:00|Skvělé ubytování, krásné a vkusně upravené okolí a hlavně vstřícní majitelé. Mohu jen doporučit a chválím.|Marcela|apartmany/img/1 de 3 Avatars FLAT/Avatars Set Flat Style-42.png|5|Skvělé ubytování, krásné a vkusně upravené okolí a hlavně vstřícní majitelé
2013-08-10 16:35:51+00:00|Děkujeme panu Vyšnému, za krásně ztrávenou dovolenou. Budu opakovat jen chválu v předešlých hodnoceních. Ještě chci dodat, že jsou suprové slevové kartičky, které dostáváte po dobu pobytu. Dají se uplatnit v restauracích i ke sportovnímu vyžití. Určitě se ještě někdy ukážeme.|Marta Honza motorkáři|apartmany/img/1 de 3 Avatars FLAT/Avatars Set Flat Style-8.png|5|Děkujeme panu Vyšnému, za krásně ztrávenou dovolenou
2013-08-06 19:32:36+00:00|Kvalitní ubytování, velmi ochotný majitel, rozumná cena. Příště se zde ubytujeme zas.|Kolářovi|apartmany/img/1 de 3 Avatars FLAT/Avatars Set Flat Style-15.png|5|Kvalitní ubytování, velmi ochotný majitel, rozumná cena
2013-08-05 14:15:44+00:00|Naprosto luxusní dovolená! :-) Ubytování perfektní. Spousta zajímavostí a možností v okolí. Výborně vedené a udržované studia. Velká spokojenost! Děkujeme.))|Laubovi|apartmany/img/1 de 3 Avatars FLAT/Avatars Set Flat Style-4.png|5|Naprosto luxusní dovolená
2013-07-20 23:19:45+00:00|Práve sme sa vrátili z dovolenky u pána Vyšného a musíme vysloviť absolútnu spokojnosť. Či už zo samotným ubytovaním alebo okolím apartmánov, ktoré je krásne udržiavané na relax ubytovaných, ako aj prístupom pána Vyšného. Taktiež ideálna poloha na výlety do okolia. Odporúčame aj ostatným. Určite si pobyt zopakujeme.|Marek a Martina z SE|apartmany/img/1 de 3 Avatars FLAT/Avatars Set Flat Style-24.png|5|Práve sme sa vrátili z dovolenky u pána Vyšného a musíme vysloviť absolútnu spokojnosť
2013-07-19 23:49:24+00:00|Skvělé ubytování, fotky apartmánu opravdu odpovídají skutečnosti,zahrada okolo domku je fantasticky udržovaná, užil si ji především náš malý syn. Okolí je výborné pro výlety i s malými dětmi, strávili jsme zde v Liptově naši letní dovolenou. Ještě jednou tímto děkujeme za vynikající služby pana Vyšného a jeho rodiny. Všem vřele doporučuji.|Rodina z Českých Budějovic|apartmany/img/1 de 3 Avatars FLAT/Avatars Set Flat Style-17.png|5|Skvělé ubytování, fotky apartmánu opravdu odpovídají skutečnosti,zahrada okolo domku je fantasticky udržovaná, užil si ji především náš malý syn
2013-06-24 16:40:17+00:00|Práve sme sa vrátili z kratšej dovolenky na Liptove. Boli sme ubytovaní v štúdiu pána Vyšného. Ubytovanie sme vyberali podľa fotografií, ktoré nás zaujali. Skutočnosť naozaj neklamala, prostredie bolo veľmi príjemné, služby, prístup a ochota pána Vyšného a jeho rodiny na veľmi dobrej úrovni. Ceny na lokalitu Nízkych Tatier rovnako prijateľné. V tomto type ubytovania si naozaj každý nájde to svoje - rodiny s deťmi, ale aj jednotlivci a páry bez detí, ktorí sa zameriavajú skôr na šport a okolitú turistiku ako my. Naozaj vrelo odporúčame!|Eva a Ján z Detvy|apartmany/img/1 de 3 Avatars FLAT/Avatars Set Flat Style-32.png|5|Práve sme sa vrátili z kratšej dovolenky na Liptove
2013-05-07 21:39:53+00:00|"Fantastyczny apartament,czysto,spokój,super miły właściciel i pomocna,miła obsługa.Wyposażenie bardzo dobre.Kapitalna lokalizacja.Chopok,baseny,Tatry Wysokie wszystko w zasięgu ręki.

Dziękujemy za miłą gościnę.Pozdrawiamy i myślę że przyjedziemy ponownie."|Rodziny Hombesch i Świątek|apartmany/img/1 de 3 Avatars FLAT/Avatars Set Flat Style-25.png|5|Fantastyczny apartament,czysto,spokój,super miły właściciel i pomocna,miła obsługa
2013-03-18 10:37:30+00:00|Veliká spokojenost, studio moc pěkné útulné a čisté, krásná koupelna (studio 3). Přenádherné prostředí, skibus pár kroků, 8 min skibusem do největšího střediska SK Jasná-Chopok, 15 min skibusem na opačnou stranu do opravdu rozlehlého aquaparku Tatrakandia s celoročním provozem, jak venkovní tak vnitřní bazény i tobogány. Sleva na skipas, další slevové karty a doporučená výborná restaurace Route 66 s velice přívětivými cenami. Byli jsme zde poprvé a zcela určitě ne naposledy! Skvěle stravéná dovolená. Díky :)|Ondra|apartmany/img/1 de 3 Avatars FLAT/Avatars Set Flat Style-21.png|5|Veliká spokojenost, studio moc pěkné útulné a čisté, krásná koupelna (studio 3)
2013-02-23 10:26:23+00:00|Godny polecenia pensjonat. Apartamenty komfortowe, czyste, przestronne i wygodne. Właściciel bardzo miły i dbający o gości. Okolica doskonała na wypady narciarskie na Chopok. Okolica przepiękna. Polecam!|Grazyna|apartmany/img/1 de 3 Avatars FLAT/Avatars Set Flat Style-30.png|5|Godny polecenia pensjonat
2013-02-19 20:30:39+00:00|Super zážitek,ubytování nádherné,pan Miroslav velmi ochotný a vstřícný,vřele doporučujeme,my to příští rok určitě zopakujeme.|Dva Krákorovi a Srpina|apartmany/img/1 de 3 Avatars FLAT/Avatars Set Flat Style-27.png|5|Super zážitek,ubytování nádherné,pan Miroslav velmi ochotný a vstřícný,vřele doporučujeme,my to příští rok určitě zopakujeme
2013-02-05 17:33:14+00:00|Pensjonat godny polecenia - czysto, spokojnie, wygodnie, miło. Studia dobrze wyposażone. Doskonała baza wypadowa do zwiedzania -okolica piękna.|rodzina Lisowskich|apartmany/img/1 de 3 Avatars FLAT/Avatars Set Flat Style-15.png|5|Pensjonat godny polecenia - czysto, spokojnie, wygodnie, miło
2013-02-01 10:12:24+00:00|Boli sme veeeeľmi spokojný, ubytovanie super, príjemné prostredie, krásne izby a okolie, príjemný domáci aj psík Maxi :-)|Dagmar|apartmany/img/1 de 3 Avatars FLAT/Avatars Set Flat Style-33.png|5|Boli sme veeeeľmi spokojný, ubytovanie super, príjemné prostredie, krásne izby a okolie, príjemný domáci aj psík Maxi :-)
2013-01-24 13:13:32+00:00|Okolica piękna a pensjonat bardzo czysty. Do pokoju wchodzi się mając wrażenie, że nikt  tam wcześniej nie mieszkał. Byliśmy tam dwa razy i zawsze jest tak samo - przyjemnie.|Zdrenkova|apartmany/img/1 de 3 Avatars FLAT/Avatars Set Flat Style-7.png|5|Okolica piękna a pensjonat bardzo czysty
2013-01-23 23:57:41+00:00|Pensjonat bardzo dobrze wyposażony i usytuowany w przepięknej okolicy. Właściciel naprawdę spoko:-)Droga do Jasnej samochodem ok. 10 min. Ogólnie, warte polecenia.|Edyta i Tadek z dziećmi|apartmany/img/1 de 3 Avatars FLAT/Avatars Set Flat Style-33.png|5|Pensjonat bardzo dobrze wyposażony i usytuowany w przepięknej okolicy
2013-01-20 17:47:33+00:00|Bajeczne zimowe wakacje w pensjonacie u p. Miroslava. Komfortowe, świetnie wyposażone pokoje, niesamowicie sympatyczny właściciel, widoki z okna nieocenione!!! Dziękujemy!!!|Justyna z rodziną z Poznania|apartmany/img/1 de 3 Avatars FLAT/Avatars Set Flat Style-9.png|5|Bajeczne zimowe wakacje w pensjonacie u p
2013-01-03 10:35:42+00:00|Veľmi pekne strávený Silvester u pána Miroslava. Pekné, čisté izby, krásne prostredie, a celkový pocit počas ubytovania hodnotím na maximum. Ešte raz ďakujeme.|Maťo,Igi,Sanchez,Boris|apartmany/img/1 de 3 Avatars FLAT/Avatars Set Flat Style-43.png|5|Veľmi pekne strávený Silvester u pána Miroslava
2013-01-02 13:47:47+00:00|Pěkné, čisté ubytování v krásné přírodě. Strávili jsme zde týden přes Silvestr a moc se nám zde líbilo. Určitě se vrátíme.|Tereza a David Martinů|apartmany/img/1 de 3 Avatars FLAT/Avatars Set Flat Style-16.png|5|Pěkné, čisté ubytování v krásné přírodě
2013-01-01 19:55:22+00:00|wir hatten in der Anlage den Jahreswechsel 2012/2013 verbrauchen wollen und da wir uns hier sehr familiär fühlten und dementsprechend behandelt wurden, einige Tage drangehängt. Die Ferienwohnung ist sehr sauber, hervorragende Aussstattung, netter freundliche Kontakt mit dem Besitzer. Idealer Aussganspunkt für die Wintersportler auch mit Kindern ( Pisten per gratis Skibus vor dem Haus haltend erreichbar ). SEHR ZU EMPFEHLEN. Dekujemy Pane MIROSLAVE !!!|Ania,Julia und Marius|apartmany/img/1 de 3 Avatars FLAT/Avatars Set Flat Style-17.png|5|wir hatten in der Anlage den Jahreswechsel 2012/2013 verbrauchen wollen und da wir uns hier sehr familiär fühlten und dementsprechend behandelt wurden, einige Tage drangehängt
2012-11-27 19:52:20+00:00|"Pěkné, čisté ubytování, pro děti super zahrada a pohodový přístup p.Vyšného i ostatních.

V okolí plno zajímavých míst pro každé počasí - od termálů přes muzea a skanzeny po hory.

Doporučujeme, přijedeme zase.

(byli jsme tu v první polovině června 2012)

M+I+K+B východní čechy"|M+I+K+B|apartmany/img/1 de 3 Avatars FLAT/Avatars Set Flat Style-8.png|5|Pěkné, čisté ubytování, pro děti super zahrada a pohodový přístup p
2012-09-24 23:56:31+00:00|Ośrodek bardzo dobrze wyposażony we wszystko co potrzebne do wypoczynku. Pokoje duże , czyste i funkcjonalne. Teren wokół wspaniały  ; miejsce do badmintona, do grilowania i odpoczynku nad strumykiem.Idealne miejsce do wypadów w Tatry Niżne.Gorąco polecamy.|Asia i Jarek  z Krakowa|apartmany/img/1 de 3 Avatars FLAT/Avatars Set Flat Style-36.png|5|Ośrodek bardzo dobrze wyposażony we wszystko co potrzebne do wypoczynku
2012-08-29 20:48:11+00:00|Bardzo udany pobyt u P. Mirosława od 28.07 do 4.08. Studio bardzo duże, wygodnie urządzone, pełne wyposażenie aneksu kuchennego, pokój czysty i zadbany. Na terenie obiektu dużo miejsca dla dzieci, rewelacyjne miejsca pod daszkami przy potoku za budynkiem, blisko górskich szlaków, spokój i szum potoku wieczorem... I bardzo mili i sympatyczni gospodarze. Dziękujemy za udane wakacje.Pozdrowienia|Ola i Michał z Gdańska|apartmany/img/1 de 3 Avatars FLAT/Avatars Set Flat Style-23.png|5|Bardzo udany pobyt u P
2012-08-29 21:38:33+00:00|"Máme toho po českých a slovenských horách nacestováno poměrně dost , ale takhle špičkově jsme ještě

nebyli ubytovaní.

Takže příště určitě u Vás a ještě jednou díky."|Katka a Jirka a Jirka|apartmany/img/1 de 3 Avatars FLAT/Avatars Set Flat Style-4.png|5|"Máme toho po českých a slovenských horách nacestováno poměrně dost , ale takhle špičkově jsme ještě

nebyli ubytovaní"
2012-08-27 18:22:52+00:00|Lived with a family in the apartment No. 6 with 13/05/2012 16/05/2012. Very good place, certainly we will arrive again. I recommend native and familiar!!!|Masliakov Sergey|apartmany/img/1 de 3 Avatars FLAT/Avatars Set Flat Style-26.png|5|Lived with a family in the apartment No
2012-08-24 21:37:11+00:00|W apartamentach u Mirosława byliśmy drugi raz. Tutaj jest fantastycznie i pięknie. Pokoje super, pełne wyposażenie w kuchni, a gospodarze przemili i jak zwykle pomocni. Pozdrawiamy serdecznie Pana Mirosława z Rodziną i dziękujemy za gościnność.|Ania z Rodziną|apartmany/img/1 de 3 Avatars FLAT/Avatars Set Flat Style-6.png|5|W apartamentach u Mirosława byliśmy drugi raz
2012-08-13 21:31:24+00:00|miejsce godne polecenia- zgadzam się ze wszystkimi opisami poniżej. Studia czyste, bardzo zadbane- warunki komfortowe. Położenie ośrodka wspaniałe- nad samym potokiem, w cichej okolicy- plac zabaw dla dzieci i wiaty grillowe+ miejsce na ogniska. Dla rodzin z dziećmi idealne!!!|Aneta|apartmany/img/1 de 3 Avatars FLAT/Avatars Set Flat Style-31.png|5|miejsce godne polecenia- zgadzam się ze wszystkimi opisami poniżej
2012-08-12 15:33:46+00:00|To kolejny pobyt u Miroslava i mamy nadzieję że nie ostatni. To idealne miejsce do wypoczynku. Kapitalne położenie, warunki i przesympatyczny gospodarz, którego pozdrawiamy, a wzsystkim gorąco polecamy to miejsce.|Gosia i Robert|apartmany/img/1 de 3 Avatars FLAT/Avatars Set Flat Style-29.png|5|To kolejny pobyt u Miroslava i mamy nadzieję że nie ostatni
2012-08-12 18:42:51+00:00|Krásné prostředí, pěkné ubytování, vstřícný Miroslav Vyšný. Můžeme jen doporučit.|Jiri Rambousek|apartmany/img/1 de 3 Avatars FLAT/Avatars Set Flat Style-36.png|5|Krásné prostředí, pěkné ubytování, vstřícný Miroslav Vyšný
2012-08-12 17:50:55+00:00|Včera sme sa vrátili z dovolenky u pána Miroslava a hneď by sme sa šli späť. Krásne prostredie, výborný prístup, ešte aj počasie nám vyšlo. S celou rodinkou sme si povedali, že to bol náš prvý, ale určíte nie posledný pobyt v tomto zariadení. Po dlhom čase sme našli niečo, čo nám vyhovuje naozaj po všetkých stránkach. Veľmi pekne ďakujeme.|Lenka Havierová|apartmany/img/1 de 3 Avatars FLAT/Avatars Set Flat Style-46.png|5|Včera sme sa vrátili z dovolenky u pána Miroslava a hneď by sme sa šli späť
2012-08-06 22:36:49+00:00|V týdnu od 28/7/2012 jsme strávili úžasnou dovolenou v apartmánu u pana Vyšného.Krásné prostředí,útulno,čisto a lidský přístup a ještě ke všemu nádherné počasí a krásná příroda.Na doporučení pana Vyšného jsme podnikali zajímavé výlety po okolí a dokonce jsme s naším 6ti letým synem absolvovali dva celodenní výlety na Chopok a Ďumbier.Múžeme Všem vřele doporučit.Mikešovi Strakonice-jižní Čechy|Lenka Mikešová|apartmany/img/1 de 3 Avatars FLAT/Avatars Set Flat Style-45.png|5|V týdnu od 28/7/2012 jsme strávili úžasnou dovolenou v apartmánu u pana Vyšného
2012-08-03 20:30:12+00:00|Wspaniały klimat tego miejsca tworzą:czystość,spokój,przestronność (bardzo duże studia i wielki teren wokół budynku),otoczenie (plac zabaw,wiaty,ogniska,rzeczka) i oczywiście wielka gościnność pana Miroslava,którego serdecznie pozdrawiamy i dziękujemy za cudowny wypoczynek.|Dorota i Krzysztof|apartmany/img/1 de 3 Avatars FLAT/Avatars Set Flat Style-11.png|5|Wspaniały klimat tego miejsca tworzą:czystość,spokój,przestronność (bardzo duże studia i wielki teren wokół budynku),otoczenie (plac zabaw,wiaty,ogniska,rzeczka) i oczywiście wielka gościnność pana Miroslava,którego serdecznie pozdrawiamy i dziękujemy za cudowny wypoczynek
2012-07-29 13:10:11+00:00|Ośrodek usytuowany w bajecznej dolinie.Pokoje czyste,zadbane i kompletnie wyposażone.Teren obiektu robi spore wrażenie.Na dzień dobry wita nas zielona trawka przystrzyżona co do milimetra,plac zabaw,ławeczki do wypoczynku.Tył budynku to cudowny potok,który słychać najlepiej w nocy przy otwartym oknie.Znajdują się tam również stoliki i ławki pod zadaszeniem a także grille. Ogólnie właściciele bardzo sympatyczni i dbający o dobre samopoczucie gości.Na pewno tu wrócimy w przyszłości|Aleksandra i Krzysiek|apartmany/img/1 de 3 Avatars FLAT/Avatars Set Flat Style-16.png|5|Ośrodek usytuowany w bajecznej dolinie
2012-07-25 21:58:40+00:00|"Używając starego polskiego slangu - mucha nie siada.Rzeczywistość warunków obiektu przewyższa jego prezentację na stronie internetowej. Nadto wymarzona lokalizacja dla tych, którzy jeżdżą nie tylko na nartach, ale są też turystami np. samochodowo-pieszymi. Właściciele obektu b. komukatywni i sympatyczni z ogromnym wyczuciem dziennego humoru swych gości. Dziękując im i pozdrawiając polecamy Studia&Apartmany Mirosłav

Maria, Andrzej z Adamem oraz Jacek z Dominikiem 14-21 lipiec 2012"|Andrzej,rodzina i przyjaciele|apartmany/img/1 de 3 Avatars FLAT/Avatars Set Flat Style-34.png|5|Używając starego polskiego slangu - mucha nie siada
2012-07-20 16:35:25+00:00|Veľmi pekné miesto pre dovolenku - pekne zariadené,čisté,útulné,okolie krásne,či už vzadu pri Demänovke alebo na obrovskom trávniku pred budovou-deťom sa veľmi páčilo,super sa grilovalo...Príjemný a pozorný majiteľ.Veľa možností na výlety po okolí.Odporúčame každému.|Elena Gabrišová|apartmany/img/1 de 3 Avatars FLAT/Avatars Set Flat Style-49.png|5|Veľmi pekné miesto pre dovolenku - pekne zariadené,čisté,útulné,okolie krásne,či už vzadu pri Demänovke alebo na obrovskom trávniku pred budovou-deťom sa veľmi páčilo,super sa grilovalo
2012-07-13 17:29:38+00:00|Máme jen pár dní po dovolené v apartmánu u pana Miroslava a ještě stále jsme plni dojmů. Apartmán byl útulně zařízený, čistý, vybavený vším potřebným, na zahradě se moc líbilo našim dětem a posezení u Demanovky - prostě pohádka. Taky to byl výborný výchozí bod pro výlety ať už do hor nebo do Bešeňové, k Lipt. Maře atd. Doporučuji a min. jednou se sem určitě ještě vrátíme. Iveta a Víťa s dětmi|Iveta Stejskalová|apartmany/img/1 de 3 Avatars FLAT/Avatars Set Flat Style-30.png|5|Máme jen pár dní po dovolené v apartmánu u pana Miroslava a ještě stále jsme plni dojmů
2012-07-09 20:16:51+00:00|Super dovolená v krásném klidném prostředí. Ubytování bez chyby, čisté, útulné a účelné. Pan Miroslav byl vždy velmi pozorný a ochotný se spoustou typů na krásné výlety.|Soňa Chramostová|apartmany/img/1 de 3 Avatars FLAT/Avatars Set Flat Style-50.png|5|Super dovolená v krásném klidném prostředí
2012-07-08 22:26:12+00:00|Właśnie wróciliśmy, tu jest przepięknie, wszystko zadbane, studia w pełni wyposażone, ogród i potok marzenie. Polecam wszystkim to miejsce nie tylko rodzinom z dziećmi. Moje dzieci zachwycone były w szczególności trampoliną i ogrodem gdzie można grać w piłkę. Gospodarze bardzo mili, służą pomocą. Bardzo Polecam|Wioletta Bogusz|apartmany/img/1 de 3 Avatars FLAT/Avatars Set Flat Style-2.png|5|Właśnie wróciliśmy, tu jest przepięknie, wszystko zadbane, studia w pełni wyposażone, ogród i potok marzenie
2012-07-04 14:23:11+00:00|Właśnie wróciliśmy, tu jest przepięknie, wszystko zadbane, studia w pełni wyposażone, ogród i potok marzenie. Polecam wszystkim to miejsce nie tylko rodzinom z dziećmi. Moje dzieci zachwycone były w szczególności trampoliną i ogrodem gdzie można grać w piłkę. Gospodarze bardzo mili, służą pomocą. Bardzo Polecam|Wioletta Bogusz|apartmany/img/1 de 3 Avatars FLAT/Avatars Set Flat Style-40.png|5|Właśnie wróciliśmy, tu jest przepięknie, wszystko zadbane, studia w pełni wyposażone, ogród i potok marzenie
2012-07-01 20:51:16+00:00|Właśnie wróciliśmy, tu jest przepięknie, wszystko zadbane, studia w pełni wyposażone, ogród i potok marzenie. Polecam wszystkim to miejsce nie tylko rodzinom z dziećmi. Moje dzieci zachwycone były w szczególności trampoliną i ogrodem gdzie można grać w piłkę. Gospodarze bardzo mili, służą pomocą. Bardzo Polecam|Wioletta Bogusz|apartmany/img/1 de 3 Avatars FLAT/Avatars Set Flat Style-45.png|5|Właśnie wróciliśmy, tu jest przepięknie, wszystko zadbane, studia w pełni wyposażone, ogród i potok marzenie
2012-06-27 18:25:58+00:00|Ubytování je velice pěkné a čisté. Majitel příjemný a vstřícný. Ve skutečnosti je prostředí ještě daleko krásnější a útulnější než na fotografiích. Všem můžeme jen doporučit. Určitě se někdy ještě vrátíme. Jana + Petr Kroměříž :)|Jana|apartmany/img/1 de 3 Avatars FLAT/Avatars Set Flat Style-45.png|5|Ubytování je velice pěkné a čisté
2012-06-11 15:10:10+00:00|Jesteśmy bardzo zadowoleni z pobytu, pokój zadbany, kuchnia w pełni wyposażona, przestronnie i wygodnie, otoczenie wokół domu bardzo dobrze zagospodarowane dla dzieci i dorosłych, okolica przepiękna, za sprawą Gospodarzy miła atmosfera. Polecamy|Wojciech Kiraga|apartmany/img/1 de 3 Avatars FLAT/Avatars Set Flat Style-21.png|5|Jesteśmy bardzo zadowoleni z pobytu, pokój zadbany, kuchnia w pełni wyposażona, przestronnie i wygodnie, otoczenie wokół domu bardzo dobrze zagospodarowane dla dzieci i dorosłych, okolica przepiękna, za sprawą Gospodarzy miła atmosfera
2012-04-01 19:59:22+00:00|Penzion Miroslav jsme využili pro ubytování na jarní lyžovačku v blízkosti lyžařského střediska Jasná už podruhé.V roce 2010 jsme byli ubytováni ve studiu a v roce 2012 jsme byli ubytováni s rodinou v apartmánu.V obou případech bylo dovolená v penzionu Miroslav naprosto perfektní a dokonalá.Velmi ochotný přístup pana Miroslava,čisté a nové vybavení penzionu umístěného v krásném prostředí uvnitř přírody,pár kilometrů na sjezdovku,do aquaparku nebo do centra města LM,dělá ideální místo pro strávení letní i zimní dovolené.Děkujeme panu Miroslavovi tímto za perfektní služby.|Černoškovi|apartmany/img/1 de 3 Avatars FLAT/Avatars Set Flat Style-49.png|5|Penzion Miroslav jsme využili pro ubytování na jarní lyžovačku v blízkosti lyžařského střediska Jasná už podruhé
2012-03-24 11:47:17+00:00|Wszystkie, opisane niżej zalety apartamentów Pana Mirosława, to szczera prawda. Od siebie dodam jeszcze (a gościmy tu na przełomie marca i kwietnia), że jak Pan Mirosław powie, że śnieg jest - to śnieg na 100% JEST !|Edyta i Krzysztof|apartmany/img/1 de 3 Avatars FLAT/Avatars Set Flat Style-14.png|5|Wszystkie, opisane niżej zalety apartamentów Pana Mirosława, to szczera prawda
2012-03-19 11:38:51+00:00|"Polecam wszystkim dużym i małym. Miejsce przytulne i zadbane.Apartamenty wygodne, dobrze wyposażone, czyste. 
Pan Mirosław zawsze uśmiechnięty i pomocny
Strona internetowa dokładnie pokazuje jak tam jest - a jest jeszcze lepiej.
Jak na Chopok to tylko u Mirosłava :)"|Marta Kęska|apartmany/img/1 de 3 Avatars FLAT/Avatars Set Flat Style-31.png|5|Polecam wszystkim dużym i małym
2012-02-20 18:22:37+00:00|"Polecam. 
Opis zgodny z rzeczywistością. Obiekt zadbany,pomieszczenia dobrze wyposażone czyste i zadbane, miła obsługa."|Andrzej|apartmany/img/1 de 3 Avatars FLAT/Avatars Set Flat Style-5.png|4|Polecam
2012-02-20 10:44:54+00:00|Miejsce godne polecenia. Pięknie położone nad potokiem. Zadbane, czyste i przyjemne apartamenty. Miły i pomocny właściciel. Dobre miejsce wypadowe na Chopok. Chętnie tu wrócimy.|Aleksandra Gradowska|apartmany/img/1 de 3 Avatars FLAT/Avatars Set Flat Style-30.png|5|Miejsce godne polecenia
2012-02-18 15:21:30+00:00|Swietne miejsce na zimowy wypoczynek. Pokoje wygodne, czyste i bardzo ladne wizualnie. Do Chopoku 10 minut. Pan Miroslav bardzo mily i sympatyczny. Za miesiac go znowu odwiedzimy. Pozdrawiamy !|Lukasz Jasinski|apartmany/img/1 de 3 Avatars FLAT/Avatars Set Flat Style-20.png|5|Swietne miejsce na zimowy wypoczynek
2012-02-06 11:59:50+00:00|"Nagyon szép környezetben, igényesen kialakított apartmanok tökéletes felszereltséggel.
Mindenkinek ajánlom télen-nyáron"|Dudás István|apartmany/img/1 de 3 Avatars FLAT/Avatars Set Flat Style-50.png|5|Nagyon szép környezetben, igényesen kialakított apartmanok tökéletes felszereltséggel
2012-02-05 21:27:37+00:00|Bardzo przyjemne miejsce na wypoczynek, a wręcz idealne na bazę wypadową w góry.Zarówno latem, jak i zimą. O apartamentach można pisać w samych superlatywach. Właściciel to miły i pomocny człowiek, któremu naprawdę zależy na zadowoleniu jego gości.|Mirosław Skoneczny|apartmany/img/1 de 3 Avatars FLAT/Avatars Set Flat Style-3.png|5|Bardzo przyjemne miejsce na wypoczynek, a wręcz idealne na bazę wypadową w góry
2012-01-26 15:47:29+00:00|Am locuit la aceasta pensiune in luna ianuarie 2012. Pot sa spun ca este foarte curata,inauntru a fost foarte cald, camerele sunt mari, dotate cu tot ce trebuie, se poate chiar si gati. Proprietarul este extrem de binevoitor, chiar daca vorbeste numai germana si rusa (si slovaca, bineinteles). Este un loc bun de cazare pentru a schia la Jasna, cu singura mentiune ca la partie trebuie mers cu masina, foarte devreme, pentru ca locurile de parcare sunt putine. Categoric, ne-am simtit bine la aceasta pensiune. Mihaela din Timisoara|Mihaela|apartmany/img/1 de 3 Avatars FLAT/Avatars Set Flat Style-38.png|4|Am locuit la aceasta pensiune in luna ianuarie 2012
2012-01-11 18:10:53+00:00|"Pesiunea este amplasata aproape de partii, conditiile de cazarea sunt bune, studiourile suntutilate cu tot ce trebuie.
Daca vreti sa schiati in Jasna(Slovacia) va recomand persiunea.
Cristi & Diana from Romania"|Cristi & Diana|apartmany/img/1 de 3 Avatars FLAT/Avatars Set Flat Style-34.png|5|Pesiunea este amplasata aproape de partii, conditiile de cazarea sunt bune, studiourile suntutilate cu tot ce trebuie
2011-11-24 23:34:17+00:00|"Príjemný penzión v príjemnom prostredí. Veľmi milá a ochotná pani domáca. Boli sme u Vás cez dušičkový víkend a bolo u Vás skvelo. Boli sme veľmi milo prekvapení a tešíme sa na strávenie lyžovačky u Vás.
Ďakujeme Rasťo s rodinou"|Rasťo|apartmany/img/1 de 3 Avatars FLAT/Avatars Set Flat Style-31.png|4|Príjemný penzión v príjemnom prostredí
2011-11-16 19:51:42+00:00|Miejsce godne polecenia, szczególnie dla rodzin z dziećmi. Pokoje przestronne,dobrze wyposażone i czyściutkie tak jak na zdjęciach. Bardzo dobre miejsce wypadowe na wycieszki w góry, blisko jaskiń (można dojść na piechotę)i wjazdu na Chopok. Pan Mirosław to bardzo sympatyczny człowiek.|Magdalena Płócinnik|apartmany/img/1 de 3 Avatars FLAT/Avatars Set Flat Style-26.png|4|Miejsce godne polecenia, szczególnie dla rodzin z dziećmi
2011-09-26 10:48:21+00:00|Szívből ajánljuk a szállást mindenkinek, aki az Alacsony-Tátrába látogat. A szobák tiszták, szépek, jól felszereltek, a házigazda nagyon kedves és segítőkész. Kisgyerekkel utazóknak különösen ideális (játszótér, minikonyha a szobákban, patak a kert végében, sütögető-helyek...).|Faragó-Herczeg Ágnes|apartmany/img/1 de 3 Avatars FLAT/Avatars Set Flat Style-27.png|5|Szívből ajánljuk a szállást mindenkinek, aki az Alacsony-Tátrába látogat
2011-09-23 16:50:36+00:00|V apartmánoch sme boli ubytovaný rodiny, majiteľ veľmi milý ústretový človek, ubytovanie útulné milé a hlavne čisté.Na túto dovolenku mám veľmi dobré spomienky.Vrelo odporúčam.|Móriová|apartmany/img/1 de 3 Avatars FLAT/Avatars Set Flat Style-1.png|5|V apartmánoch sme boli ubytovaný rodiny, majiteľ veľmi milý ústretový človek, ubytovanie útulné milé a hlavne čisté
2011-08-25 21:11:15+00:00|To naprawdę cudowne miejsce na letni wypoczynek. Przyroda zachwycająca a na dodatek potok Demanowka na wyciągnięcie ręki. Pokoje piękne, czyste, zadbane i przestronne. Pozdrawiamy serdecznie Pana Mirosława z rodziną i dziękujemy za tak miłe przyjęcie. Polecamy wszystkim, którzy lubią ciszę i spokój.|Anna z rodziną|apartmany/img/1 de 3 Avatars FLAT/Avatars Set Flat Style-12.png|5|To naprawdę cudowne miejsce na letni wypoczynek
2011-08-23 14:19:12+00:00|Strávili jsem zde s přítelem týdenní dovolenou a chtěla bych tímto moc poděkovat za krásné vzpomínky. Ubytování je čisté, upravené, areál ubytování taktéž. Nekolikero posezení s grilem u Dëmenovky je uklidňující a velice mile nás tato možnost překvapila. Pan Vyšnéhý byl moc příjemný a dokonce jsme dostali po příjezdu i tipy na výlety. Přestože jsme nebyli autem udělali jsme si spoustu pěkných výletů jak do hor tak do jeskyní i do města. Byla to krásná dovolená v nádherném prostředí, ani se mi nechtělo se odtud vracet. Doufám že se tam ještě někdy podíváme, protože ani za týden jsme nestihli navšívit všechna místa která bychom chtěli.|Iveta Vydláková|apartmany/img/1 de 3 Avatars FLAT/Avatars Set Flat Style-12.png|5|Strávili jsem zde s přítelem týdenní dovolenou a chtěla bych tímto moc poděkovat za krásné vzpomínky
2011-08-23 11:28:17+00:00|Przepiękne miejsce na rodzinny odpoczynek. Czyste, schludne i dobrze wyposażone pokoje; przemili gospodarze; świetnie zagospodarowane podwórko zwłaszcza z myślą o najmłodszych. Polecam zwłaszcza rodzinom z dziećmi!!|Edyta, Krzysztof i Amelia|apartmany/img/1 de 3 Avatars FLAT/Avatars Set Flat Style-3.png|5|Przepiękne miejsce na rodzinny odpoczynek
2011-08-19 19:17:29+00:00|Przepiękne miejsce na letni wypoczynek z rodziną. Już od samego przyjazdu człowiek czuje się bardzo dobrze: miła obsługa, nakierowanie na ciekawe miejsca w okolicy. Wysoki standard noclegów: Przestronne pokoje, elegancko utrzymane wnętrza, wszystko w jak najlepszym porządku. Duży teren przed budynkiem pozwalał na relaks dzieciom (a szczególnie ulubiona przez moje dzieci trampolina). Przepiękne widoki na górski potok i góry za budynkiem. Polecam to miejsce gorąco!|Ania z rodziną|apartmany/img/1 de 3 Avatars FLAT/Avatars Set Flat Style-30.png|5|Przepiękne miejsce na letni wypoczynek z rodziną
2011-08-18 19:35:57+00:00|"Spędziliśmy tydzień letnich wakacji w apartamencie Mirosława, z czystym sumieniem polecam Państwu tą kwaterę, grillowanie świeżych pstrągów nad potokiem - bezcenne. 
Apartamenty czyste, przestronne bardzo komfortowo zaaranżowane."|Szymon Kędzierski|apartmany/img/1 de 3 Avatars FLAT/Avatars Set Flat Style-37.png|5|Spędziliśmy tydzień letnich wakacji w apartamencie Mirosława, z czystym sumieniem polecam Państwu tą kwaterę, grillowanie świeżych pstrągów nad potokiem - bezcenne
2011-08-01 11:22:23+00:00|Prožili jsme krásný týden v překrásném prostředí penziónu.Ubytování perfektní.Pokoje čisté dobře vybavené.Pán domácí příjemný a ochotný.Doporučuji všem kdo není ještě rozhodnut zda se zde ubytovat.Ještě jednou děkujem.|Tomáš Valach|apartmany/img/1 de 3 Avatars FLAT/Avatars Set Flat Style-21.png|5|Prožili jsme krásný týden v překrásném prostředí penziónu
2011-07-26 15:42:18+00:00|Dziekujemy za wspaniały 2 tygodniowy pobyt. Miejsce spokojne, szczególnie polecane dla rodzin z dziecmi, ładny czysty i przestronny pokój, zadbany ogród z super miejscem przy potoku. Mila obsluga. Polozenie w samej dolinie demianowskiej, blisko jaskiń, dogodny dojazd, parking, rewelacyjny punkt wypadowy w gory. Gorąco polecamy !!!.|Agnieszka  i Tomasz  z Patrycją - Poznań|apartmany/img/1 de 3 Avatars FLAT/Avatars Set Flat Style-50.png|5|Dziekujemy za wspaniały 2 tygodniowy pobyt
2011-07-25 15:32:16+00:00|Ďakujeme za prenádherný týždeň strávený v úžasnom prostredí, s príjemnými a ochotnými domácimi a čistom krásne zariadenom ubytovaní. Deti sa vybláznili na trampolíne, hojdačkách a drevenom detskom ihrisku, my pri varení gulášu a grilovaní. Úžasne upokojujúco pôsobilo i sedenie pri riečke Demänovka. Určite každému odporúčam ako miesto, kde príjemne stráviť zimnú či letnú dovolenku s množstvom atrakcií v okolí :)|Lucia|apartmany/img/1 de 3 Avatars FLAT/Avatars Set Flat Style-27.png|5|Ďakujeme za prenádherný týždeň strávený v úžasnom prostredí, s príjemnými a ochotnými domácimi a čistom krásne zariadenom ubytovaní
2011-07-18 19:25:19+00:00|Wspaniałe wakacje. 2 tygodnie w przepięknym pensjonacie. Teren zielony wokoło - bardzo duży i z wyobraźnią zagospodarowany. Miejsce wypadowe nie tylko w Tatry Niskie , ale także w Wysokie i Zachodnie. Dla rodzin z dziećmi wymarzone miejsce - ogrodzone w środku Doliny. I te ptaszki - rano - bajka. Pozdrawiamy Jacek, Gosia i Gabrysia.|Gosia i Jacek Nowotka|apartmany/img/1 de 3 Avatars FLAT/Avatars Set Flat Style-6.png|5|Wspaniałe wakacje
2011-07-02 23:40:53+00:00|"Fantastyczne miejsce na odpoczynek,apartamenty tak jak na obrazku, a nawet lepiej, czyste przestronne, wyposażone.
Fajne miejsca do grillowania nad rzeczką,cudowna okolica.
Bardzo sympatyczny gospodarz, pozdrawiamy Pana Mirosława"|Ryszard i Jola|apartmany/img/1 de 3 Avatars FLAT/Avatars Set Flat Style-12.png|5|Fantastyczne miejsce na odpoczynek,apartamenty tak jak na obrazku, a nawet lepiej, czyste przestronne, wyposażone
2011-06-28 15:44:39+00:00|"wspaniałe warunki na wakacyjny pobyt z dziećmi w okolicy Domanovskiej Doliny. Wszędzie blisko CHOPOK, TATRALANDIA, JASKINIE, TOR SANECZKOWY ...
Bardzo przestronne i wygodne apartamenty, pełne wyposażenie
polecam wszystkim !!!!.
Serdeczne pozdrowienia dla Pana Miroslava....."|Ela i Piotr + dzieci|apartmany/img/1 de 3 Avatars FLAT/Avatars Set Flat Style-33.png|5|wspaniałe warunki na wakacyjny pobyt z dziećmi w okolicy Domanovskiej Doliny
2011-06-13 20:45:57+00:00|Prežili sme v penzione krásny májový veekend. Boli sme spokojní s vybavením kuchynky, izieb aj kúpelne a dokonca sme v daždi navarili výborný guláš pre celú partiu vonku na ohnisku. Za  všetko ešte raz ďakujeme.Deti a dokonca aj ja /osemnásobná babka  sme využívali trampolínu, SUPER!|Božena|apartmany/img/1 de 3 Avatars FLAT/Avatars Set Flat Style-17.png|4|Prežili sme v penzione krásny májový veekend
2011-01-03 11:59:45+00:00|Wspaniałe miejsce do zimowego wypoczynku. Obiekt-10/10. Miły właściciel, pokoje duże, czyste, meble nowe. Serwis sprzątający praktycznie codziennie. Na posesji schowek na narty, miejsce na ognisko z nieograniczonym dostępem do drzewa, trzy grile pod wiatami, duży parking. Nie odczuwa się żadnych problemów z ciepłą wodą, temperatura w pokojach nawet za wysoka :) W ramach pobytu każdy dostaje KARTĘ RABATOWĄ uprawniajacą do zniżki na wyciągach narciarskich Jasna, w AquaParku Tatralandia i wielu restauracjach. Miło i przyjemnie. Oczywiście polecamy !!!|P.M.I.I. Tabula|apartmany/img/1 de 3 Avatars FLAT/Avatars Set Flat Style-50.png|5|Wspaniałe miejsce do zimowego wypoczynku
2010-10-19 12:21:14+00:00|Wspaniałe miejsce. Wszędzie blisko. Pokoje przestrzenne, czyste i wyposażone we wszystko co potrzebne. Swój pobyt organizowaliśmy na sam koniec zimy i mieliśmy obawy czy skorzystamy jeszcze ze śniegu na stokach, lecz Pan Mirosław szybko rozwiał nasze wątpliwości. Przesympatyczna rodzina. Takie miejsca chętnie poleca się innym, jak również chętnie się do takich miejsc wraca. Panie Mirosławie niech Pan będzie pewny, jeszcze do Pana wrócimy.Pozdrawiamy|Dorota, Wojtek, Teresa i Oliwka|apartmany/img/1 de 3 Avatars FLAT/Avatars Set Flat Style-5.png|5|Wspaniałe miejsce
2010-10-07 12:43:40+00:00|Velice pěkné ubytování,příjemný a ochotný pan majitel.Zahrada apartmánů velice pěkně udržovaná.Prostě můžeme jen dále doporučit.Budeme dlouho vzpomínat na týden prožitý v Nízkých Tatrách.Děkujeme|Přibysovi|apartmany/img/1 de 3 Avatars FLAT/Avatars Set Flat Style-11.png|4|Velice pěkné ubytování,příjemný a ochotný pan majitel
2010-09-04 12:59:49+00:00|U pána Vyšného sme strávili dva nádherné júlové týždne. Krásne a kľudné prostredie, vhodné aj pre rodiny s deťmi, výborné ubytovanie a veľmi ochotný a profesionálny hoteliérsky prístup majiteľa a jeho rodiny v nás zanechali úžasné spomienky. Vrelo odporúčame pre všetkých, ktorí hľadajú odpočinok v čarovnom prostredí slovenskej prírody.|rodina Skákalova|apartmany/img/1 de 3 Avatars FLAT/Avatars Set Flat Style-10.png|5|U pána Vyšného sme strávili dva nádherné júlové týždne
2010-06-11 19:53:30+00:00|Strávili sme tu 5 dní. Ubytovanie bolo pekné a čisté.okolie stúdií upravené.Majitelia sú milí ľudia. Tieto šdúdia a apartmany odporúčam každému.S pozdravom.|Szőcsová|apartmany/img/1 de 3 Avatars FLAT/Avatars Set Flat Style-34.png|5|Strávili sme tu 5 dní
2010-05-07 11:43:19+00:00|Wspaniałe miejsce pięknie połozone warunki godne polecenia . Kwatery czyste wygodnie urządzone a przede wszystkim ciepłe .Napewno tam wrócę.-8**|Kasia i Zbyszek Gdańsk|apartmany/img/1 de 3 Avatars FLAT/Avatars Set Flat Style-37.png|4|Wspaniałe miejsce pięknie połozone warunki godne polecenia 
2010-05-04 18:35:50+00:00|Jestesmy bardzo zadowoleni z pobytu u pana Miroslawa. Przyjazne otoczenie, czysto i schludnie. Okolica bardzo ladna. Wszystko jest na swoim miejscu. Standard moze nie jak w hotelu, ale jak na ta cene bardzo przyzwoicie.|Rafal, Bielsko|apartmany/img/1 de 3 Avatars FLAT/Avatars Set Flat Style-43.png|4|Jestesmy bardzo zadowoleni z pobytu u pana Miroslawa
2010-02-28 21:48:28+00:00|Będę tutaj na pewno wracać. Mieszkanko generalnie tak jak wszyscy pisali, a więc czysto, ciepło, pełne uposażenie, w TV polskie programy. Dziękuję Panie Miroslavie za pomoc.|Rafał|apartmany/img/1 de 3 Avatars FLAT/Avatars Set Flat Style-32.png|5|Będę tutaj na pewno wracać
2010-02-28 11:24:25+00:00|Bardzo fajnie. Miły gospodarz, zadbanie, ciepło, zniżki na różne rzeczy. Wszystko jak najbardziej na plus. Polecam.|Michał|apartmany/img/1 de 3 Avatars FLAT/Avatars Set Flat Style-34.png|5|Bardzo fajnie
2010-02-25 17:42:16+00:00|Wszystko ok! Pokoje zgodne z opisem na stronie www, czyste, zadbane. Dużo przydatnych zniżek na skipassy czy do aquaparków. Polecam ;-)|Agata|apartmany/img/1 de 3 Avatars FLAT/Avatars Set Flat Style-37.png|4|Wszystko ok
2010-02-03 10:25:33+00:00|Pensjonat godny polecenia.Pokoje schludne,czyste,kompletnie wyposażony aneks kuchenny.Gospodarz miły i sympatyczny.Do wyciągów na Chopoku ok 6km.Wróciliśmy zadowoleni.|Maciek|apartmany/img/1 de 3 Avatars FLAT/Avatars Set Flat Style-10.png|4|Pensjonat godny polecenia
2010-01-26 23:19:20+00:00|"Już drugi rok gościmy u Pana  Mirosława. Tym razem od 10.01. do 19.01.2010.Jesteśmy bardzo zadowoleni, kwatery ciepłe i czyściutkie, kuchnia w pełni wyposażona. Mimo że w dolinie nie było śniegu to trasy świetnie przygotowane. Tak naprawdę to ze względu na śnieg mieliśmy nie przyjeżdżać ale Pan Mirosław zapewnił mnie że trasy są ok.
 Przyjechaliśmy i nie żałuję, było SUUUUPPER.  Mili Państwo TRZEBA UFAĆ  PANU MIROSŁAWOWI- JEŻELI MÓWI ŻE TRASY SĄ OK TO TAK JEST.  Za rok  oczywiście zjawimy się całą rodziną w komplecie.  Panie Mirosławie bardzo dziękuję."|Robert Polak|apartmany/img/1 de 3 Avatars FLAT/Avatars Set Flat Style-1.png|5|Już drugi rok gościmy u Pana  Mirosława
2009-11-27 15:37:14+00:00|We would like to recomended this place for people who looking for quiet and panoramic holiday.Very nice,clean pleace and the owner very kind and helpfull.|Radek&Wiola|apartmany/img/1 de 3 Avatars FLAT/Avatars Set Flat Style-29.png|4|We would like to recomended this place for people who looking for quiet and panoramic holiday
2009-11-27 15:20:48+00:00|Miejsce godne polecenia.Wlasciciele bardzo mili i uczynni.Blisko do tatralandi,basenowa i hotel penron paradise .Zpewnoscia tam wrocimy.|Radek&Wiola|apartmany/img/1 de 3 Avatars FLAT/Avatars Set Flat Style-16.png|4|Miejsce godne polecenia
2009-09-04 15:23:43+00:00|Dziękujemy za wspaniały wypoczynek. Ocena najwyższa! Kwatera czyściutka, pan Mirosław przemiły. W pierwszym dniu rozkłada mapę i doradza co najlepiej zobaczyć. Wszystkie informacje i zdjęcia są zgodne z prawdą. Polecamy.|JOLA I JUREK - LUBLIN|apartmany/img/1 de 3 Avatars FLAT/Avatars Set Flat Style-3.png|5|Dziękujemy za wspaniały wypoczynek
2009-09-01 22:23:52+00:00|Dobrze wyposażone pokoje-czysto.Świetnie urządzone miejsca do grillowania i na ogniska- dbałość o czystość otoczenia oraz zapewnienie prywatności- dużo kącików i spokojnych miejsc do posiedzenia.Serdeczna atmosfera.|Agnieszka Kopczyńska-Kardaś|apartmany/img/1 de 3 Avatars FLAT/Avatars Set Flat Style-32.png|5|Dobrze wyposażone pokoje-czysto
2009-08-05 23:29:26+00:00|"Po štyroch rokoch sme sa opäť rozhodli stráviť dovolenku v Demänovskej doline,tentoraz sme si vybrali štúdia Miroslav.Môžem len povedať bola to najlepšia voľba akú sme mohli urobiť.Ubytovanie bolo super, všetko nové udržiavané.Okolie štúdií upravené, večerné grilovanie a opekanie malo svoje čaro a takisto posedienie pri riečke Demänovke.Z daného miesta je to kúsok na akýkoľvek výlet.Majitelia sú milí, ústretoví ľudia, ochotný každému pomôcť.Pán Vyšný nám dal zopár odporúčaní na výlety v okolí, ktoré sa nám neskutočne páčili.Veľmi ťažko sa nám odtiaľ odchádzalo a určite sa sem ešte vrátime.Tieto štúdiá odporúčam každému kto chce prežiť príjemnú dovolenku v peknom prostredí.Verte tomu že neoľutujete. 
Majiteľom ďakujeme a veľmi radi sa s nimi ešte stretneme."|Jano|apartmany/img/1 de 3 Avatars FLAT/Avatars Set Flat Style-4.png|5|Po štyroch rokoch sme sa opäť rozhodli stráviť dovolenku v Demänovskej doline,tentoraz sme si vybrali štúdia Miroslav
2009-08-04 17:28:51+00:00|Na Liptov chodíme už piaty rok, no prvýkrát sme si tentokrát vybrali Demänovskú Dolinu,štúdia Miroslav.Ubytovanie bolo super, okolie štúdií nádherné, cítili sme sa ako v raji.Deti neustále šantili pri riečke Demänovka a svoje čaro malo večerné grilovanie a opekanie v areáli štúdií.Určite sa sem ešte vrátime, pretože sa nám odtiaľ veľmi tažko odchádzalo. Majitelia sú naozaj milí ľudia...veľmi radi sa s nimi ešte stretneme.Tieto štúdia určite odporúčam pre rodiny s detmi, neoľutujete...|Monika Mišáková|apartmany/img/1 de 3 Avatars FLAT/Avatars Set Flat Style-33.png|5|Na Liptov chodíme už piaty rok, no prvýkrát sme si tentokrát vybrali Demänovskú Dolinu,štúdia Miroslav
2009-08-01 11:36:45+00:00|Jezdíme na dovolenou do Demenovské doliny každý rok, moc se nám v Nízkých Tatrách líbí, jeli jsme i tohle léto a musím říct, že tahle dovolená byla nejkrásnější. Pan Vyšný je úžasný a milý člověk, okolí velmi příjemné a posezení u řeky romantické.Budeme se rádi vracet. Ještě jednou děkujeme za příjemnou dovolenou.|Marcela a Pavel Regnerovi|apartmany/img/1 de 3 Avatars FLAT/Avatars Set Flat Style-29.png|5|Jezdíme na dovolenou do Demenovské doliny každý rok, moc se nám v Nízkých Tatrách líbí, jeli jsme i tohle léto a musím říct, že tahle dovolená byla nejkrásnější
2009-07-30 10:29:35+00:00|Stravili sme 4 dni v peknom prostredi, ubytovanie krasne, ciste, okolie penzionu nadherne, upravovane, vela miest na opekanie, grilovanie, posedenie. Majitelia mili, ochotni, kazdemu odporucame pobyt v studiach Miroslav.|Katka a Miro|apartmany/img/1 de 3 Avatars FLAT/Avatars Set Flat Style-13.png|5|Stravili sme 4 dni v peknom prostredi, ubytovanie krasne, ciste, okolie penzionu nadherne, upravovane, vela miest na opekanie, grilovanie, posedenie
2009-07-20 13:54:45+00:00|Ked som hladala miesto kam pojdeme na predlzeny vikend s partnerom z mnohych moznosti som ako prve vybrala prave tieto studia. Bola to spravna volba! Krasne tiche prostredie v krasnom kraji. Izba bola zariadena utulne a jednoducho. Cele vybavenie bolo nove a udrzovane. Uz na prvy pohlad bolo vidno ze sa o to staraju.Od majitela sme dostali par odporuceni na vylety aj oddych. Je to velmi ustretovy a mily clovek. Za chatou pri zurciacej riecke Demänovke sme si mali moznost po ture opiect alebo ugrilovat veceru. Z chaty sme to mali vsade blizko ci uz sme chceli ist do besenovej, alebo na turu do Nizkych Tatier. Velmi sa nam tam pacilo a urcite to nebol posledny raz, co sme tam boli. Vsetkym odporucam!|Lucia|apartmany/img/1 de 3 Avatars FLAT/Avatars Set Flat Style-17.png|5|Ked som hladala miesto kam pojdeme na predlzeny vikend s partnerom z mnohych moznosti som ako prve vybrala prave tieto studia
2009-04-23 23:29:11+00:00|Byliśmy z mężem na Słowacji 3 lata pod rząd (w sezonie letnim) i za kazdym razem zatrzymujemy się właśnie na tej kwaterze. Mogę ją polecić każdemu kto się wybiera w tamte okolice.Pokoiki super, a okolica.... nie można sobie lepszej wymarzyć. SERDECZNIE polecam!!!!|Justyna|apartmany/img/1 de 3 Avatars FLAT/Avatars Set Flat Style-19.png|5|Byliśmy z mężem na Słowacji 3 lata pod rząd (w sezonie letnim) i za kazdym razem zatrzymujemy się właśnie na tej kwaterze
2009-03-18 10:16:19+00:00|Przyjeżdżam tu od wielu lat i przyjadę w tym roku.Jest SUPER !!|Marek M Białystok|apartmany/img/1 de 3 Avatars FLAT/Avatars Set Flat Style-39.png|5|Przyjeżdżam tu od wielu lat i przyjadę w tym roku
2009-01-24 23:39:36+00:00|"Polecam serdecznie, właśnie wróciliśmy z tygodniowego, zimowego wypoczynku. Zakwaterowanie w ap.10 było w zupełności zadawalające/wystarczające dla 4 dorosłych i 2 dzieci. Czysto, super wyposażony i wygodny apartament. Ekstra okolica, blisko (10min autem) do wyciągów. Bardzo miły właściciel - pozdrowienia dla Mirosława.
P.S.
Polecam restauracje \""Strahanovka\"" -dużo, smacznie i tanio."|Marek Milewski|apartmany/img/1 de 3 Avatars FLAT/Avatars Set Flat Style-5.png|5|Polecam serdecznie, właśnie wróciliśmy z tygodniowego, zimowego wypoczynku
2009-01-03 17:21:18+00:00|Jesteśmy bardzo zadowoleni z wypoczynku letniego, miejsce super- również jako baza wypadowa, wiele atrakcji dookoła. Warunki mieszkaniowe super - czysto, wyposażona kuchnia( nie trzeba myśleć co zabrać ze sobą bo wszystko jest), otoczenie sprzyja relaksowi, dzieciaki mogą pobiegać. Jedyne życzenie na przyszłość to nieco większy plac zabaw dla dzieci,ale to podobno już niedługo...Na pewno polecę to miejsce znajomym!|monika ciesielska|apartmany/img/1 de 3 Avatars FLAT/Avatars Set Flat Style-2.png|4|Jesteśmy bardzo zadowoleni z wypoczynku letniego, miejsce super- również jako baza wypadowa, wiele atrakcji dookoła
2008-10-28 13:17:24+00:00|Super warunki narciarskie kwatery super czyste i wyposażone byliśmy w lutym 2008 i zamierzamy pojechać w lutym 2009 polecamy jest świetnie|Sylwia Paweł i Kacperek|apartmany/img/1 de 3 Avatars FLAT/Avatars Set Flat Style-37.png|5|Super warunki narciarskie kwatery super czyste i wyposażone byliśmy w lutym 2008 i zamierzamy pojechać w lutym 2009 polecamy jest świetnie
2008-09-15 16:59:14+00:00|"Wspaniałe miejsce. Wszystkim polecamy. To co zostało już napisane to szczera prawda więc po co się powtarzać.
Chętnie tam wrócimy.
Krystyna i Zdzisław z Chorzowa"|Krystyna Krakowiak|apartmany/img/1 de 3 Avatars FLAT/Avatars Set Flat Style-24.png|5|Wspaniałe miejsce
2008-09-13 19:34:59+00:00|Byli jsme zde ubytovani týden a zbytování i služby vše bylo na špičkové úrovni. Studia jsou moderně zařízena a venkovní posezení je velmi příjemné. Přístup majitele k hostům je velice vstřícný a přátelský. Moc se nám zde líbilo.|Bednářovi|apartmany/img/1 de 3 Avatars FLAT/Avatars Set Flat Style-11.png|5|Byli jsme zde ubytovani týden a zbytování i služby vše bylo na špičkové úrovni
2008-09-04 13:15:24+00:00|Świetne miejsce! Piękna okolica, las , potok za oknem, dużo miejsca do grilowania i na ognisko przy samym potoku. Pokoje bardzo ładne i zadbane. Właściciel miły i zawsze służący pomocą. Nawet jak nie ma pogody to nie da się tam nudzić , bo basenów do wyboru, piękne trasy , skanseny , kolejka linowa na Hopok i wiele innych miejsc. Bardzo polecam!| Beata i Jurek z Siedlec|apartmany/img/1 de 3 Avatars FLAT/Avatars Set Flat Style-23.png|5|Świetne miejsce
2008-09-02 20:54:45+00:00|właśnie wróciłem ze Słowacji oraz Demanowskiej Doliny. Noclegi oczywiście u bardzo sympatycznego Pana Mirsława. Wszystko się zgadza to co napisano powyzej, pokoje czyste i zadbane, kuchnia w pełni wyposażona, duży trawnik na którym można pokopać w piłę, no i oczywiście strumyk przy którym można pogrilować. Dodam tylko że strumyk tak wspaniale szumi, że ma się wrażenie że za oknem cały czas leje deszcz :)) W pobliżu dużo fajnych tras na spacery z dzieciakami. Zdecydowanie polecam, wypoczynek pierwsza klasa.|Maciej Kula|apartmany/img/1 de 3 Avatars FLAT/Avatars Set Flat Style-48.png|5|właśnie wróciłem ze Słowacji oraz Demanowskiej Doliny
2008-09-02 21:39:10+00:00|Super!!! Świetne miejsce do odpoczynku. Czysty, ładnie urządzony i przestronny pokój. Do tego bardzo miły właściciel który doradził nam gdzie warto pojechać - a jest co zwiedzać bo jest blisko do Lipowskiego Mikulasza, na baseny i w góry. Można odpoczywać na dworze przy ognisku (tylko radzę kiełbasę zabrać z polski bo to jedno Słowakom nie wychodzi :)) i szumu strumyka. Polecamy!|Magda i Patryk|apartmany/img/1 de 3 Avatars FLAT/Avatars Set Flat Style-30.png|5|Super
2008-08-26 22:34:43+00:00|"V chate jsem byl ubytovany se svymi prateli na prelomu cervence a srpna 2008. Vsichni jsme byli s ubytovanim velmi spokojeni! Pokoje jsou pohodlne zarizene. Vse je nove vybavene, ciste a udrzovane. Navic se nam libil velice pratelsky pristup majitele objektu, ktery vam poskytne tipy na nadherne vylety po okoli a i do Vysokych Tater a nebo do mistnich vyhlasenych restauraci. Par metru od chaty proteka potok, vedle ktereho je moznost grilovani pod altanky, coz pusobi na cloveka  relaxacne. 
Na misto ubytovani se snadno dostane autem, nebo autobusem z Liptovskeho Mikulase. U chat je moznost zaparkovani auta v oplocenem arealu. Cely areal se nachazi ve velmi krasnem prostredi obklopenem lesem, odkud jsou snadno dosazitelne Demanovske jeskyne a asi za 10-15 minut autem se clovek dostane na konec doliny, odkud je moznost pesich vyletu na vrcholky Nizkych Tater. Navic tu jsou v blizkosti vleky, bobova draha a lanovka. Daji se odtud snadno poradat i vylety do Vysokych Tater. Na nakupy se clovek bez problemu dostane do Liptovskeho Mikulase. S pobytem jsem byl opravdu moc spokojeny a mohu ho jenom doporucit."|Pavel Barta|apartmany/img/1 de 3 Avatars FLAT/Avatars Set Flat Style-44.png|5|V chate jsem byl ubytovany se svymi prateli na prelomu cervence a srpna 2008
2008-08-21 14:26:46+00:00|"Wspaniałe misejsce, polecam !
Byłam 2 razy (zima 2006, lato 2008). Pokoje ładne, odnowione, czyste, schludne. Jest wszystko co potrzeba: kuchnia, naczynie, sztućce, ekspres itd. Pokoje są sprzątane regularnie i codziennie. Sama lokalizacja istnie romantyczna (rwący potok przebiega przed samym domem). Gospodarz troszczy się nawet o czas wolny doradzając ciekawy trasy i miejsca. Idalene miejsce na  wycieczki górskie i rowerowe wyprawy. W okolicy piękne jaskinie. Osobiście najmniejszą atrakcją był dla mnie aquapark Tatralandia (mocno przereklamowany i tłumy ludzi) ale może innym się będzie podobać skoro tyle osób tam przychodzi."|Tomasz Widomski|apartmany/img/1 de 3 Avatars FLAT/Avatars Set Flat Style-46.png|5|Wspaniałe misejsce, polecam 
2008-08-17 18:33:25+00:00|Standard pokoi na wysokim poziomie. Wszystko się zgadza z opisem i zamieszczonymi zdjęciami. Pokoje przytulne i bardzo czyste. Bardzo dobry kontakt emailowy i telefoniczny z miłym właścicielem. Wróciliśmy zadowoleni i na pewno kiedyś wrócimy. Polecamy|Małgorzata i Sebastian|apartmany/img/1 de 3 Avatars FLAT/Avatars Set Flat Style-19.png|5|Standard pokoi na wysokim poziomie
2008-08-15 16:34:59+00:00|Bardzo dobre położenie do dostępu do atrakcji turystycznych, szlaków górskich. Gospodarze bardzo mili, obiekt bardzo zadbany, czysty. Przedstawiona oferta bardzo rzetelnie odzwierciedla stan rzeczywisty obiektu. Wypoczynek w Studio Miroslav gwarantuje udany wypoczynek.|Iwona i Jurek|apartmany/img/1 de 3 Avatars FLAT/Avatars Set Flat Style-28.png|4|Bardzo dobre położenie do dostępu do atrakcji turystycznych, szlaków górskich
2008-08-14 21:11:45+00:00|Wspaniałe warunki zakwaterowania,pokój bardzo przestronny,wygodny,czysty.Kuchnia wyposażona we wszystko co potrzebne.Podczas rezerwacji świetny kontakt meilowy i telefoniczny.Bardzo miły właściciel.Możliwość spędzenia wolnego czasu przy grillu oraz urządzenia ogniska z pieczeniem kiełbaski dodatkowo podnoszą atrakcyjność pobytu w tym właśnie miejscu.Na pewno polecimy to miejsce naszym znajomym.Dziękujemy za miłe i serdeczne przyjęcie.Gorąco polecamy.|Hania i Piotr|apartmany/img/1 de 3 Avatars FLAT/Avatars Set Flat Style-43.png|5|Wspaniałe warunki zakwaterowania,pokój bardzo przestronny,wygodny,czysty
2008-08-12 17:13:27+00:00|Super kwatera polecam byłam tam 2 razy i bardzo miło wspominam ten pobyt cisza spokój SUPER miejsce na odpoczynek w górskim klimacie|Justyna Piasecka|apartmany/img/1 de 3 Avatars FLAT/Avatars Set Flat Style-11.png|5|Super kwatera polecam byłam tam 2 razy i bardzo miło wspominam ten pobyt cisza spokój SUPER miejsce na odpoczynek w górskim klimacie
2007-03-20 16:15:18+00:00|Zimą jest o.k. Bardzo blisko do górek i wyciągów. w pobliżu jaskinie. gospodarze bardzo mili,ciekawe miejsce do odpoczynku,blisko liptowskiego mikulasa a przede wszystkim do basenów termalnych besenowa i tatralandia.zakwaterowanie super czyściutko, milutko i cieplutko.Warte polecenia znajomym.|Andrzej Cybulski|apartmany/img/1 de 3 Avatars FLAT/Avatars Set Flat Style-36.png|5|Zimą jest o
2004-08-10 12:25:52+00:00|latem jest o.k.  gospodarze bardzo mili,ciekawe miejsce do odpoczynku,blisko lipt.mikul.zakwaterowanie niczym sobie.Warte polecenia znajomym.Chętniebym tam wrócił|Andrzej ,,T.rzebinia|apartmany/img/1 de 3 Avatars FLAT/Avatars Set Flat Style-37.png|4|latem jest o
